study_accession	sample_accession	secondary_sample_accession	experiment_accession	run_accession	submission_accession	tax_id	scientific_name	instrument_model	library_layout	library_strategy	library_source	read_count	run_alias	fastq_ftp	submitted_ftp	sample_title
PRJEB6906	SAMEA2677855	ERS517746	ERX530984	ERR572126	ERA339952	9986	Oryctolagus cuniculus	Illumina HiSeq 2000	SINGLE	ChIP-Seq	GENOMIC	21581194	E-MTAB-2633_rev:do3041_H3K27Ac_liver_ab4729_oryCun2Oryctolagus_cuniculusRabbit4_SAN01.fq.gz	ftp.sra.ebi.ac.uk/vol1/fastq/ERR572/ERR572126/ERR572126.fastq.gz	ftp.sra.ebi.ac.uk/vol1/ERA339/ERA339952/fastq/do3041_H3K27Ac_liver_ab4729_oryCun2Oryctolagus_cuniculusRabbit4_SAN01.fq.gz	Rabbit4
PRJEB6906	SAMEA2677890	ERS517781	ERX531000	ERR572127	ERA339952	10181	Heterocephalus glaber	Illumina HiSeq 2000	SINGLE	ChIP-Seq	GENOMIC	38353682	E-MTAB-2633_rev:do2053_H3K4me3_liver_millipore_05-1339_hetGla2Heterocephalus_glaberNMR5_merged.fq.gz	ftp.sra.ebi.ac.uk/vol1/fastq/ERR572/ERR572127/ERR572127.fastq.gz	ftp.sra.ebi.ac.uk/vol1/ERA339/ERA339952/fastq/do2053_H3K4me3_liver_millipore_05-1339_hetGla2Heterocephalus_glaberNMR5_merged.fq.gz	NMR5
PRJEB6906	SAMEA2677886	ERS517777	ERX530965	ERR572128	ERA339952	13616	Monodelphis domestica	Illumina HiSeq 2000	SINGLE	ChIP-Seq	GENOMIC	27435978	E-MTAB-2633_rev:do2155_input_liver_unk_monDom5Monodelphis_domesticaOpossum11_SAN01.fq.gz	ftp.sra.ebi.ac.uk/vol1/fastq/ERR572/ERR572128/ERR572128.fastq.gz	ftp.sra.ebi.ac.uk/vol1/ERA339/ERA339952/fastq/do2155_input_liver_unk_monDom5Monodelphis_domesticaOpossum11_SAN01.fq.gz	Opossum11
PRJEB6906	SAMEA2677857	ERS517748	ERX530911	ERR572129	ERA339952	27610	Lagenorhynchus albirostris	Illumina HiSeq 2000	SINGLE	ChIP-Seq	GENOMIC	29407039	E-MTAB-2633_rev:do2525_H3K27Ac_liver_ab4729_turTru2SW2012_193_SAN01.fq.gz	ftp.sra.ebi.ac.uk/vol1/fastq/ERR572/ERR572129/ERR572129.fastq.gz	ftp.sra.ebi.ac.uk/vol1/ERA339/ERA339952/fastq/do2525_H3K27Ac_liver_ab4729_turTru2SW2012_193_SAN01.fq.gz	SW2012/193
PRJEB6906	SAMEA2677872	ERS517763	ERX530936	ERR572130	ERA339952	9669	Mustela putorius furo	Illumina HiSeq 2000	SINGLE	ChIP-Seq	GENOMIC	22282475	E-MTAB-2633_rev:do2481_H3K4me3_liver_millipore_05-1339_musFur1Mustela_putorius_furoFerret1_SAN01p1.fq.gz	ftp.sra.ebi.ac.uk/vol1/fastq/ERR572/ERR572130/ERR572130.fastq.gz	ftp.sra.ebi.ac.uk/vol1/ERA339/ERA339952/fastq/do2481_H3K4me3_liver_millipore_05-1339_musFur1Mustela_putorius_furoFerret1_SAN01p1.fq.gz	Ferret1
PRJEB6906	SAMEA2677872	ERS517763	ERX531011	ERR572131	ERA339952	9669	Mustela putorius furo	Illumina HiSeq 2000	SINGLE	ChIP-Seq	GENOMIC	26383283	E-MTAB-2633_rev:do2487_H3K27Ac_liver_ab4729_musFur1Mustela_putorius_furoFerret1_SAN01p1.fq.gz	ftp.sra.ebi.ac.uk/vol1/fastq/ERR572/ERR572131/ERR572131.fastq.gz	ftp.sra.ebi.ac.uk/vol1/ERA339/ERA339952/fastq/do2487_H3K27Ac_liver_ab4729_musFur1Mustela_putorius_furoFerret1_SAN01p1.fq.gz	Ferret1
PRJEB6906	SAMEA2677896	ERS517787	ERX530994	ERR572132	ERA339952	9913	Bos taurus	Illumina HiSeq 2000	SINGLE	ChIP-Seq	GENOMIC	23177328	E-MTAB-2633_rev:do2843_input_liver_unk_bosTau6Bos_taurusBull6_SAN01.fq.gz	ftp.sra.ebi.ac.uk/vol1/fastq/ERR572/ERR572132/ERR572132.fastq.gz	ftp.sra.ebi.ac.uk/vol1/ERA339/ERA339952/fastq/do2843_input_liver_unk_bosTau6Bos_taurusBull6_SAN01.fq.gz	Bull6
PRJEB6906	SAMEA2677860	ERS517751	ERX530978	ERR572133	ERA339952	37347	Tupaia belangeri	Illumina HiSeq 2000	SINGLE	ChIP-Seq	GENOMIC	28093403	E-MTAB-2633_rev:do2050_H3K4me3_liver_millipore_05-1339_tupBel1Tupaia_belangeriTreeShrew2_SAN01.fq.gz	ftp.sra.ebi.ac.uk/vol1/fastq/ERR572/ERR572133/ERR572133.fastq.gz	ftp.sra.ebi.ac.uk/vol1/ERA339/ERA339952/fastq/do2050_H3K4me3_liver_millipore_05-1339_tupBel1Tupaia_belangeriTreeShrew2_SAN01.fq.gz	TreeShrew2
PRJEB6906	SAMEA2677848	ERS517739	ERX531032	ERR572134	ERA339952	9305	Sarcophilus harrisii	Illumina HiSeq 2000	SINGLE	ChIP-Seq	GENOMIC	17936603	E-MTAB-2633_rev:do3158_H3K4me3_liver_05-1339_sarHar1Sarcophilus_harrisiiMontgomery_SAN01.fq.gz	ftp.sra.ebi.ac.uk/vol1/fastq/ERR572/ERR572134/ERR572134.fastq.gz	ftp.sra.ebi.ac.uk/vol1/ERA339/ERA339952/fastq/do3158_H3K4me3_liver_05-1339_sarHar1Sarcophilus_harrisiiMontgomery_SAN01.fq.gz	Montgomery
PRJEB6906	SAMEA2677862	ERS517753	ERX531054	ERR572135	ERA339952	13616	Monodelphis domestica	Illumina HiSeq 2000	SINGLE	ChIP-Seq	GENOMIC	34830248	E-MTAB-2633_rev:do2100_H3K4me3_liver_millipore_05-1339_monDom5Monodelphis_domesticaOpossum12_merged.fq.gz	ftp.sra.ebi.ac.uk/vol1/fastq/ERR572/ERR572135/ERR572135.fastq.gz	ftp.sra.ebi.ac.uk/vol1/ERA339/ERA339952/fastq/do2100_H3K4me3_liver_millipore_05-1339_monDom5Monodelphis_domesticaOpossum12_merged.fq.gz	Opossum12
PRJEB6906	SAMEA2677895	ERS517786	ERX531040	ERR572136	ERA339952	9768	Balaenoptera borealis	Illumina HiSeq 2000	SINGLE	ChIP-Seq	GENOMIC	19833497	E-MTAB-2633_rev:do2839_H3K4me3_liver_05-1339_turTru2Balaenoptera_borealisSW2012_413_SAN01.fq.gz	ftp.sra.ebi.ac.uk/vol1/fastq/ERR572/ERR572136/ERR572136.fastq.gz	ftp.sra.ebi.ac.uk/vol1/ERA339/ERA339952/fastq/do2839_H3K4me3_liver_05-1339_turTru2Balaenoptera_borealisSW2012_413_SAN01.fq.gz	SW2012/413
PRJEB6906	SAMEA2677864	ERS517755	ERX530955	ERR572137	ERA339952	9913	Bos taurus	Illumina HiSeq 2000	SINGLE	ChIP-Seq	GENOMIC	19739594	E-MTAB-2633_rev:do2846_H3K4me3_liver_05-1339_bosTau6Bos_taurusBull5_SAN01.fq.gz	ftp.sra.ebi.ac.uk/vol1/fastq/ERR572/ERR572137/ERR572137.fastq.gz	ftp.sra.ebi.ac.uk/vol1/ERA339/ERA339952/fastq/do2846_H3K4me3_liver_05-1339_bosTau6Bos_taurusBull5_SAN01.fq.gz	Bull5
PRJEB6906	SAMEA2677887	ERS517778	ERX530968	ERR572138	ERA339952	9823	Sus scrofa	Illumina HiSeq 2000	SINGLE	ChIP-Seq	GENOMIC	29635671	E-MTAB-2633_rev:do2151_input_liver_unk_susScr2Sus_scrofaPig6_SAN01.fq.gz	ftp.sra.ebi.ac.uk/vol1/fastq/ERR572/ERR572138/ERR572138.fastq.gz	ftp.sra.ebi.ac.uk/vol1/ERA339/ERA339952/fastq/do2151_input_liver_unk_susScr2Sus_scrofaPig6_SAN01.fq.gz	Pig6
PRJEB6906	SAMEA2677873	ERS517764	ERX530967	ERR572139	ERA339952	9913	Bos taurus	Illumina HiSeq 2000	SINGLE	ChIP-Seq	GENOMIC	21366962	E-MTAB-2633_rev:do3127_H3K27Ac_liver_ab4729_bosTau6Bos_taurusBull7_SAN01.fq.gz	ftp.sra.ebi.ac.uk/vol1/fastq/ERR572/ERR572139/ERR572139.fastq.gz	ftp.sra.ebi.ac.uk/vol1/ERA339/ERA339952/fastq/do3127_H3K27Ac_liver_ab4729_bosTau6Bos_taurusBull7_SAN01.fq.gz	Bull7
PRJEB6906	SAMEA2677849	ERS517740	ERX530903	ERR572140	ERA339952	10092	Mus musculus domesticus	Illumina HiSeq 2000	SINGLE	ChIP-Seq	GENOMIC	24222961	E-MTAB-2633_rev:do3149_input_liver_unk_mm10BL685921.0_SAN01.fq.gz	ftp.sra.ebi.ac.uk/vol1/fastq/ERR572/ERR572140/ERR572140.fastq.gz	ftp.sra.ebi.ac.uk/vol1/ERA339/ERA339952/fastq/do3149_input_liver_unk_mm10BL685921.0_SAN01.fq.gz	85921
PRJEB6906	SAMEA2677874	ERS517765	ERX531002	ERR572141	ERA339952	10092	Mus musculus domesticus	Illumina HiSeq 2000	SINGLE	ChIP-Seq	GENOMIC	21103898	E-MTAB-2633_rev:do3130_H3K27Ac_liver_ab4729_mm10BL685923.0_SAN01.fq.gz	ftp.sra.ebi.ac.uk/vol1/fastq/ERR572/ERR572141/ERR572141.fastq.gz	ftp.sra.ebi.ac.uk/vol1/ERA339/ERA339952/fastq/do3130_H3K27Ac_liver_ab4729_mm10BL685923.0_SAN01.fq.gz	85923
PRJEB6906	SAMEA2677865	ERS517756	ERX530920	ERR572142	ERA339952	9544	Macaca mulatta	Illumina HiSeq 2000	SINGLE	ChIP-Seq	GENOMIC	22988584	E-MTAB-2633_rev:do2135_input_liver_unk_rheMac2Macaca_mulattaDiesel_SAN01.fq.gz	ftp.sra.ebi.ac.uk/vol1/fastq/ERR572/ERR572142/ERR572142.fastq.gz	ftp.sra.ebi.ac.uk/vol1/ERA339/ERA339952/fastq/do2135_input_liver_unk_rheMac2Macaca_mulattaDiesel_SAN01.fq.gz	Diesel
PRJEB6906	SAMEA2677857	ERS517748	ERX530982	ERR572143	ERA339952	27610	Lagenorhynchus albirostris	Illumina HiSeq 2000	SINGLE	ChIP-Seq	GENOMIC	20214751	E-MTAB-2633_rev:do2838_H3K4me3_liver_05-1339_turTru2Lagenorhynchus_albirostrisSW2012_193_SAN01.fq.gz	ftp.sra.ebi.ac.uk/vol1/fastq/ERR572/ERR572143/ERR572143.fastq.gz	ftp.sra.ebi.ac.uk/vol1/ERA339/ERA339952/fastq/do2838_H3K4me3_liver_05-1339_turTru2Lagenorhynchus_albirostrisSW2012_193_SAN01.fq.gz	SW2012/193
PRJEB6906	SAMEA2677879	ERS517770	ERX531062	ERR572144	ERA339952	10116	Rattus norvegicus	Illumina HiSeq 2000	SINGLE	ChIP-Seq	GENOMIC	28524386	E-MTAB-2633_rev:do2602_unk_liver_unk_rn5Rattus_norvegicusRat9_SAN01.fq.gz	ftp.sra.ebi.ac.uk/vol1/fastq/ERR572/ERR572144/ERR572144.fastq.gz	ftp.sra.ebi.ac.uk/vol1/ERA339/ERA339952/fastq/do2602_unk_liver_unk_rn5Rattus_norvegicusRat9_SAN01.fq.gz	Rat9
PRJEB6906	SAMEA2677895	ERS517786	ERX530995	ERR572145	ERA339952	9768	Balaenoptera borealis	Illumina HiSeq 2000	SINGLE	ChIP-Seq	GENOMIC	41106670	E-MTAB-2633_rev:do2530_input_liver_unk_turTru2SW2012_413_merged.fq.gz	ftp.sra.ebi.ac.uk/vol1/fastq/ERR572/ERR572145/ERR572145.fastq.gz	ftp.sra.ebi.ac.uk/vol1/ERA339/ERA339952/fastq/do2530_input_liver_unk_turTru2SW2012_413_merged.fq.gz	SW2012/413
PRJEB6906	SAMEA2677901	ERS517792	ERX531031	ERR572146	ERA339952	10141	Cavia porcellus	Illumina HiSeq 2000	SINGLE	ChIP-Seq	GENOMIC	31681304	E-MTAB-2633_rev:do2423_Input_liver_unk_cavPor3GuineaPig8_merged.fq.gz	ftp.sra.ebi.ac.uk/vol1/fastq/ERR572/ERR572146/ERR572146.fastq.gz	ftp.sra.ebi.ac.uk/vol1/ERA339/ERA339952/fastq/do2423_Input_liver_unk_cavPor3GuineaPig8_merged.fq.gz	GuineaPig8
PRJEB6906	SAMEA2677894	ERS517785	ERX531063	ERR572147	ERA339952	9305	Sarcophilus harrisii	Illumina HiSeq 2000	SINGLE	ChIP-Seq	GENOMIC	15900545	E-MTAB-2633_rev:do2368_H3K27Ac_liver_ab4729_sarHar1Mariah_SAN01.fq.gz	ftp.sra.ebi.ac.uk/vol1/fastq/ERR572/ERR572147/ERR572147.fastq.gz	ftp.sra.ebi.ac.uk/vol1/ERA339/ERA339952/fastq/do2368_H3K27Ac_liver_ab4729_sarHar1Mariah_SAN01.fq.gz	Mariah
PRJEB6906	SAMEA2677850	ERS517741	ERX531045	ERR572148	ERA339952	9606	Homo sapiens	Illumina HiSeq 2000	SINGLE	ChIP-Seq	GENOMIC	41830667	E-MTAB-2633_rev:do3308_H3K27Ac__liver_ab4729_hg19Homo_sapiensCRI3_CRI01.fq.gz	ftp.sra.ebi.ac.uk/vol1/fastq/ERR572/ERR572148/ERR572148.fastq.gz	ftp.sra.ebi.ac.uk/vol1/ERA339/ERA339952/fastq/do3308_H3K27Ac__liver_ab4729_hg19Homo_sapiensCRI3_CRI01.fq.gz	CRI3
PRJEB6906	SAMEA2677845	ERS517736	ERX531033	ERR572149	ERA339952	10141	Cavia porcellus	Illumina HiSeq 2000	SINGLE	ChIP-Seq	GENOMIC	22032146	E-MTAB-2633_rev:do3044_H3K27Ac_liver_ab4729_cavPor3Cavia_porcellusGuineaPig7_SAN01.fq.gz	ftp.sra.ebi.ac.uk/vol1/fastq/ERR572/ERR572149/ERR572149.fastq.gz	ftp.sra.ebi.ac.uk/vol1/ERA339/ERA339952/fastq/do3044_H3K27Ac_liver_ab4729_cavPor3Cavia_porcellusGuineaPig7_SAN01.fq.gz	GuineaPig7
PRJEB6906	SAMEA2677859	ERS517750	ERX530913	ERR572150	ERA339952	9544	Macaca mulatta	Illumina HiSeq 2000	SINGLE	ChIP-Seq	GENOMIC	44326673	E-MTAB-2633_rev:do2691_H3K27Ac_liver_ab4729_rheMac2macaqueBlues_merged.fq.gz	ftp.sra.ebi.ac.uk/vol1/fastq/ERR572/ERR572150/ERR572150.fastq.gz	ftp.sra.ebi.ac.uk/vol1/ERA339/ERA339952/fastq/do2691_H3K27Ac_liver_ab4729_rheMac2macaqueBlues_merged.fq.gz	Blues
PRJEB6906	SAMEA2677889	ERS517780	ERX530973	ERR572151	ERA339952	9606	Homo sapiens	Illumina HiSeq 2000	SINGLE	ChIP-Seq	GENOMIC	35236589	E-MTAB-2633_rev:do3311_H3K27Ac__liver_ab4729_hg19Homo_sapiensCRI8_CRI01.fq.gz	ftp.sra.ebi.ac.uk/vol1/fastq/ERR572/ERR572151/ERR572151.fastq.gz	ftp.sra.ebi.ac.uk/vol1/ERA339/ERA339952/fastq/do3311_H3K27Ac__liver_ab4729_hg19Homo_sapiensCRI8_CRI01.fq.gz	CRI8
PRJEB6906	SAMEA2677884	ERS517775	ERX530992	ERR572152	ERA339952	9685	Felis catus	Illumina HiSeq 2000	SINGLE	ChIP-Seq	GENOMIC	19239313	E-MTAB-2633_rev:do2417_Input_liver_unk_felCat5Cat2_SAN01.fq.gz	ftp.sra.ebi.ac.uk/vol1/fastq/ERR572/ERR572152/ERR572152.fastq.gz	ftp.sra.ebi.ac.uk/vol1/ERA339/ERA339952/fastq/do2417_Input_liver_unk_felCat5Cat2_SAN01.fq.gz	Cat2
PRJEB6906	SAMEA2677881	ERS517772	ERX530945	ERR572153	ERA339952	9986	Oryctolagus cuniculus	Illumina HiSeq 2000	SINGLE	ChIP-Seq	GENOMIC	17266748	E-MTAB-2633_rev:do2334_H3K4me3_liver_millipore_05-1339_oryCun2Rabbit5_SAN01.fq.gz	ftp.sra.ebi.ac.uk/vol1/fastq/ERR572/ERR572153/ERR572153.fastq.gz	ftp.sra.ebi.ac.uk/vol1/ERA339/ERA339952/fastq/do2334_H3K4me3_liver_millipore_05-1339_oryCun2Rabbit5_SAN01.fq.gz	Rabbit5
PRJEB6906	SAMEA2677875	ERS517766	ERX531009	ERR572154	ERA339952	60711	Chlorocebus sabaeus	Illumina HiSeq 2000	SINGLE	ChIP-Seq	GENOMIC	21654581	E-MTAB-2633_rev:do2139_input_liver_unk_rheMac2Chlorocebus_aethips_sabaeus2079.0_SAN01.fq.gz	ftp.sra.ebi.ac.uk/vol1/fastq/ERR572/ERR572154/ERR572154.fastq.gz	ftp.sra.ebi.ac.uk/vol1/ERA339/ERA339952/fastq/do2139_input_liver_unk_rheMac2Chlorocebus_aethips_sabaeus2079.0_SAN01.fq.gz	Vervet2
PRJEB6906	SAMEA2677846	ERS517737	ERX531065	ERR572155	ERA339952	9544	Macaca mulatta	Illumina HiSeq 2000	SINGLE	ChIP-Seq	GENOMIC	20242635	E-MTAB-2633_rev:do3133_H3K27Ac_liver_ab4729_rheMac2Macaca_mulattaLachs_SAN01.fq.gz	ftp.sra.ebi.ac.uk/vol1/fastq/ERR572/ERR572155/ERR572155.fastq.gz	ftp.sra.ebi.ac.uk/vol1/ERA339/ERA339952/fastq/do3133_H3K27Ac_liver_ab4729_rheMac2Macaca_mulattaLachs_SAN01.fq.gz	Lachs
PRJEB6906	SAMEA2677848	ERS517739	ERX530923	ERR572156	ERA339952	9305	Sarcophilus harrisii	Illumina HiSeq 2000	SINGLE	ChIP-Seq	GENOMIC	22287491	E-MTAB-2633_rev:do3143_H3K27Ac_liver_ab4729_sarHar1Sarcophilus_harrisiiMontgomery_SAN01.fq.gz	ftp.sra.ebi.ac.uk/vol1/fastq/ERR572/ERR572156/ERR572156.fastq.gz	ftp.sra.ebi.ac.uk/vol1/ERA339/ERA339952/fastq/do3143_H3K27Ac_liver_ab4729_sarHar1Sarcophilus_harrisiiMontgomery_SAN01.fq.gz	Montgomery
PRJEB6906	SAMEA2677843	ERS517734	ERX531019	ERR572157	ERA339952	9823	Sus scrofa	Illumina HiSeq 2000	SINGLE	ChIP-Seq	GENOMIC	31187335	E-MTAB-2633_rev:do2150_input_liver_unk_susScr2Sus_scrofaPig5_SAN01.fq.gz	ftp.sra.ebi.ac.uk/vol1/fastq/ERR572/ERR572157/ERR572157.fastq.gz	ftp.sra.ebi.ac.uk/vol1/ERA339/ERA339952/fastq/do2150_input_liver_unk_susScr2Sus_scrofaPig5_SAN01.fq.gz	Pig5
PRJEB6906	SAMEA2677897	ERS517788	ERX530997	ERR572158	ERA339952	13616	Monodelphis domestica	Illumina HiSeq 2000	SINGLE	ChIP-Seq	GENOMIC	25586077	E-MTAB-2633_rev:do2600_H3K27Ac_liver_ab4729_monDom5Monodelphis_domesticaOpossum13_SAN01.fq.gz	ftp.sra.ebi.ac.uk/vol1/fastq/ERR572/ERR572158/ERR572158.fastq.gz	ftp.sra.ebi.ac.uk/vol1/ERA339/ERA339952/fastq/do2600_H3K27Ac_liver_ab4729_monDom5Monodelphis_domesticaOpossum13_SAN01.fq.gz	Opossum13
PRJEB6906	SAMEA2677850	ERS517741	ERX530904	ERR572159	ERA339952	9606	Homo sapiens	Illumina HiSeq 2000	SINGLE	ChIP-Seq	GENOMIC	50278972	E-MTAB-2633_rev:do3304_H3K4me3_liver_millipore_05-1339_hg19Homo_sapiensCRI3_CRI01.fq.gz	ftp.sra.ebi.ac.uk/vol1/fastq/ERR572/ERR572159/ERR572159.fastq.gz	ftp.sra.ebi.ac.uk/vol1/ERA339/ERA339952/fastq/do3304_H3K4me3_liver_millipore_05-1339_hg19Homo_sapiensCRI3_CRI01.fq.gz	CRI3
PRJEB6906	SAMEA2677868	ERS517759	ERX530924	ERR572160	ERA339952	9913	Bos taurus	Illumina HiSeq 2000	SINGLE	ChIP-Seq	GENOMIC	20581050	E-MTAB-2633_rev:do2845_H3K4me3_liver_05-1339_bosTau6Bos_taurusBull4_SAN01.fq.gz	ftp.sra.ebi.ac.uk/vol1/fastq/ERR572/ERR572160/ERR572160.fastq.gz	ftp.sra.ebi.ac.uk/vol1/ERA339/ERA339952/fastq/do2845_H3K4me3_liver_05-1339_bosTau6Bos_taurusBull4_SAN01.fq.gz	Bull4
PRJEB6906	SAMEA2677886	ERS517777	ERX531059	ERR572161	ERA339952	13616	Monodelphis domestica	Illumina HiSeq 2000	SINGLE	ChIP-Seq	GENOMIC	27508467	E-MTAB-2633_rev:do2598_H3K27Ac_liver_ab4729_monDom5Monodelphis_domesticaOpossum11_SAN01.fq.gz	ftp.sra.ebi.ac.uk/vol1/fastq/ERR572/ERR572161/ERR572161.fastq.gz	ftp.sra.ebi.ac.uk/vol1/ERA339/ERA339952/fastq/do2598_H3K27Ac_liver_ab4729_monDom5Monodelphis_domesticaOpossum11_SAN01.fq.gz	Opossum11
PRJEB6906	SAMEA2677854	ERS517745	ERX530952	ERR572162	ERA339952	10092	Mus musculus domesticus	Illumina HiSeq 2000	SINGLE	ChIP-Seq	GENOMIC	19871916	E-MTAB-2633_rev:do3134_H3K4me3_liver_05-1339_mm10BL685920.0_SAN01.fq.gz	ftp.sra.ebi.ac.uk/vol1/fastq/ERR572/ERR572162/ERR572162.fastq.gz	ftp.sra.ebi.ac.uk/vol1/ERA339/ERA339952/fastq/do3134_H3K4me3_liver_05-1339_mm10BL685920.0_SAN01.fq.gz	85920
PRJEB6906	SAMEA2677847	ERS517738	ERX530900	ERR572163	ERA339952	9685	Felis catus	Illumina HiSeq 2000	SINGLE	ChIP-Seq	GENOMIC	19778675	E-MTAB-2633_rev:do2834_H3K4me3_liver_05-1339_felCat5Felis_catusCat1_SAN01.fq.gz	ftp.sra.ebi.ac.uk/vol1/fastq/ERR572/ERR572163/ERR572163.fastq.gz	ftp.sra.ebi.ac.uk/vol1/ERA339/ERA339952/fastq/do2834_H3K4me3_liver_05-1339_felCat5Felis_catusCat1_SAN01.fq.gz	Cat1
PRJEB6906	SAMEA2677872	ERS517763	ERX530930	ERR572164	ERA339952	9669	Mustela putorius furo	Illumina HiSeq 2000	SINGLE	ChIP-Seq	GENOMIC	21253599	E-MTAB-2633_rev:do2499_input_liver_unk_musFur1Mustela_putorius_furoFerret1_SAN01.fq.gz	ftp.sra.ebi.ac.uk/vol1/fastq/ERR572/ERR572164/ERR572164.fastq.gz	ftp.sra.ebi.ac.uk/vol1/ERA339/ERA339952/fastq/do2499_input_liver_unk_musFur1Mustela_putorius_furoFerret1_SAN01.fq.gz	Ferret1
PRJEB6906	SAMEA2677886	ERS517777	ERX531056	ERR572165	ERA339952	13616	Monodelphis domestica	Illumina HiSeq 2000	SINGLE	ChIP-Seq	GENOMIC	30940157	E-MTAB-2633_rev:do2099_H3K4me3_liver_millipore_05-1339_monDom5Monodelphis_domesticaOpossum11_merged.fq.gz	ftp.sra.ebi.ac.uk/vol1/fastq/ERR572/ERR572165/ERR572165.fastq.gz	ftp.sra.ebi.ac.uk/vol1/ERA339/ERA339952/fastq/do2099_H3K4me3_liver_millipore_05-1339_monDom5Monodelphis_domesticaOpossum11_merged.fq.gz	Opossum11
PRJEB6906	SAMEA2677878	ERS517769	ERX530940	ERR572166	ERA339952	10116	Rattus norvegicus	Illumina HiSeq 2000	SINGLE	ChIP-Seq	GENOMIC	26574916	E-MTAB-2633_rev:do2601_unk_liver_unk_rn5Rattus_norvegicusRat7_SAN01.fq.gz	ftp.sra.ebi.ac.uk/vol1/fastq/ERR572/ERR572166/ERR572166.fastq.gz	ftp.sra.ebi.ac.uk/vol1/ERA339/ERA339952/fastq/do2601_unk_liver_unk_rn5Rattus_norvegicusRat7_SAN01.fq.gz	Rat7
PRJEB6906	SAMEA2677887	ERS517778	ERX531060	ERR572167	ERA339952	9823	Sus scrofa	Illumina HiSeq 2000	SINGLE	ChIP-Seq	GENOMIC	25243874	E-MTAB-2633_rev:do2095_H3K4me3_liver_millipore_05-1339_susScr2Sus_scrofaPig6_SAN01.fq.gz	ftp.sra.ebi.ac.uk/vol1/fastq/ERR572/ERR572167/ERR572167.fastq.gz	ftp.sra.ebi.ac.uk/vol1/ERA339/ERA339952/fastq/do2095_H3K4me3_liver_millipore_05-1339_susScr2Sus_scrofaPig6_SAN01.fq.gz	Pig6
PRJEB6906	SAMEA2677876	ERS517767	ERX530938	ERR572168	ERA339952	10181	Heterocephalus glaber	Illumina HiSeq 2000	SINGLE	ChIP-Seq	GENOMIC	26515309	E-MTAB-2633_rev:do2144_input_liver_unk_hetGla2Heterocephalus_glaberNMR2_SAN01.fq.gz	ftp.sra.ebi.ac.uk/vol1/fastq/ERR572/ERR572168/ERR572168.fastq.gz	ftp.sra.ebi.ac.uk/vol1/ERA339/ERA339952/fastq/do2144_input_liver_unk_hetGla2Heterocephalus_glaberNMR2_SAN01.fq.gz	NMR2
PRJEB6906	SAMEA2677857	ERS517748	ERX531023	ERR572169	ERA339952	27610	Lagenorhynchus albirostris	Illumina HiSeq 2000	SINGLE	ChIP-Seq	GENOMIC	22688675	E-MTAB-2633_rev:do2529_input_liver_unk_turTru2SW2012_193_SAN01.fq.gz	ftp.sra.ebi.ac.uk/vol1/fastq/ERR572/ERR572169/ERR572169.fastq.gz	ftp.sra.ebi.ac.uk/vol1/ERA339/ERA339952/fastq/do2529_input_liver_unk_turTru2SW2012_193_SAN01.fq.gz	SW2012/193
PRJEB6906	SAMEA2677845	ERS517736	ERX530898	ERR572170	ERA339952	10141	Cavia porcellus	Illumina HiSeq 2000	SINGLE	ChIP-Seq	GENOMIC	19107466	E-MTAB-2633_rev:do2342_H3K4me3_liver_millipore_05-1339_cavPor3GuineaPig7_SAN01.fq.gz	ftp.sra.ebi.ac.uk/vol1/fastq/ERR572/ERR572170/ERR572170.fastq.gz	ftp.sra.ebi.ac.uk/vol1/ERA339/ERA339952/fastq/do2342_H3K4me3_liver_millipore_05-1339_cavPor3GuineaPig7_SAN01.fq.gz	GuineaPig7
PRJEB6906	SAMEA2677884	ERS517775	ERX530957	ERR572171	ERA339952	9685	Felis catus	Illumina HiSeq 2000	SINGLE	ChIP-Seq	GENOMIC	20353385	E-MTAB-2633_rev:do3048_H3K27Ac_liver_ab4729_felCat5Felis_catusCat2_SAN01.fq.gz	ftp.sra.ebi.ac.uk/vol1/fastq/ERR572/ERR572171/ERR572171.fastq.gz	ftp.sra.ebi.ac.uk/vol1/ERA339/ERA339952/fastq/do3048_H3K27Ac_liver_ab4729_felCat5Felis_catusCat2_SAN01.fq.gz	Cat2
PRJEB6906	SAMEA2677878	ERS517769	ERX530959	ERR572172	ERA339952	10116	Rattus norvegicus	Illumina HiSeq 2000	SINGLE	ChIP-Seq	GENOMIC	22270222	E-MTAB-2633_rev:do2506_H3K4me3_liver_millipore_05-1339_rn5Rattus_norvegicusRat7_SAN01p1.fq.gz	ftp.sra.ebi.ac.uk/vol1/fastq/ERR572/ERR572172/ERR572172.fastq.gz	ftp.sra.ebi.ac.uk/vol1/ERA339/ERA339952/fastq/do2506_H3K4me3_liver_millipore_05-1339_rn5Rattus_norvegicusRat7_SAN01p1.fq.gz	Rat7
PRJEB6906	SAMEA2677854	ERS517745	ERX530954	ERR572173	ERA339952	10092	Mus musculus domesticus	Illumina HiSeq 2000	SINGLE	ChIP-Seq	GENOMIC	25511654	E-MTAB-2633_rev:do3148_input_liver_unk_mm10BL685920.0_SAN01.fq.gz	ftp.sra.ebi.ac.uk/vol1/fastq/ERR572/ERR572173/ERR572173.fastq.gz	ftp.sra.ebi.ac.uk/vol1/ERA339/ERA339952/fastq/do3148_input_liver_unk_mm10BL685920.0_SAN01.fq.gz	85920
PRJEB6906	SAMEA2677899	ERS517790	ERX531068	ERR572174	ERA339952	48745	Mesoplodon bidens	Illumina HiSeq 2000	SINGLE	ChIP-Seq	GENOMIC	20677366	E-MTAB-2633_rev:do2836_H3K4me3_liver_05-1339_turTru2Mesoplodon_bidensSW2012_419_SAN01.fq.gz	ftp.sra.ebi.ac.uk/vol1/fastq/ERR572/ERR572174/ERR572174.fastq.gz	ftp.sra.ebi.ac.uk/vol1/ERA339/ERA339952/fastq/do2836_H3K4me3_liver_05-1339_turTru2Mesoplodon_bidensSW2012_419_SAN01.fq.gz	SW2012/419
PRJEB6906	SAMEA2677852	ERS517743	ERX530934	ERR572175	ERA339952	60711	Chlorocebus sabaeus	Illumina HiSeq 2000	SINGLE	ChIP-Seq	GENOMIC	24635855	E-MTAB-2633_rev:do2138_input_liver_unk_rheMac2Chlorocebus_aethips_sabaeus2053.0_SAN01.fq.gz	ftp.sra.ebi.ac.uk/vol1/fastq/ERR572/ERR572175/ERR572175.fastq.gz	ftp.sra.ebi.ac.uk/vol1/ERA339/ERA339952/fastq/do2138_input_liver_unk_rheMac2Chlorocebus_aethips_sabaeus2053.0_SAN01.fq.gz	Vervet1
PRJEB6906	SAMEA2677851	ERS517742	ERX530969	ERR572176	ERA339952	10092	Mus musculus domesticus	Illumina HiSeq 2000	SINGLE	ChIP-Seq	GENOMIC	20057039	E-MTAB-2633_rev:do3137_H3K4me3_liver_05-1339_mm10BL685924.0_SAN01.fq.gz	ftp.sra.ebi.ac.uk/vol1/fastq/ERR572/ERR572176/ERR572176.fastq.gz	ftp.sra.ebi.ac.uk/vol1/ERA339/ERA339952/fastq/do3137_H3K4me3_liver_05-1339_mm10BL685924.0_SAN01.fq.gz	85924
PRJEB6906	SAMEA2677882	ERS517773	ERX530948	ERR572177	ERA339952	10116	Rattus norvegicus	Illumina HiSeq 2000	SINGLE	ChIP-Seq	GENOMIC	25927981	E-MTAB-2633_rev:do2603_unk_liver_unk_rn5Rattus_norvegicusRat10_SAN01.fq.gz	ftp.sra.ebi.ac.uk/vol1/fastq/ERR572/ERR572177/ERR572177.fastq.gz	ftp.sra.ebi.ac.uk/vol1/ERA339/ERA339952/fastq/do2603_unk_liver_unk_rn5Rattus_norvegicusRat10_SAN01.fq.gz	Rat10
PRJEB6906	SAMEA2677891	ERS517782	ERX531005	ERR572178	ERA339952	37347	Tupaia belangeri	Illumina HiSeq 2000	SINGLE	ChIP-Seq	GENOMIC	35772161	E-MTAB-2633_rev:do2141_input_liver_unk_tupBel1Tupaia_belangeriTreeShrew1_SAN01.fq.gz	ftp.sra.ebi.ac.uk/vol1/fastq/ERR572/ERR572178/ERR572178.fastq.gz	ftp.sra.ebi.ac.uk/vol1/ERA339/ERA339952/fastq/do2141_input_liver_unk_tupBel1Tupaia_belangeriTreeShrew1_SAN01.fq.gz	TreeShrew1
PRJEB6906	SAMEA2677879	ERS517770	ERX531051	ERR572179	ERA339952	10116	Rattus norvegicus	Illumina HiSeq 2000	SINGLE	ChIP-Seq	GENOMIC	26868729	E-MTAB-2633_rev:do2513_H3K27Ac_liver_ab4729_rn5Rattus_norvegicusRat9_SAN01.fq.gz	ftp.sra.ebi.ac.uk/vol1/fastq/ERR572/ERR572179/ERR572179.fastq.gz	ftp.sra.ebi.ac.uk/vol1/ERA339/ERA339952/fastq/do2513_H3K27Ac_liver_ab4729_rn5Rattus_norvegicusRat9_SAN01.fq.gz	Rat9
PRJEB6906	SAMEA2677873	ERS517764	ERX530949	ERR572180	ERA339952	9913	Bos taurus	Illumina HiSeq 2000	SINGLE	ChIP-Seq	GENOMIC	19856609	E-MTAB-2633_rev:do3139_H3K4me3_liver_05-1339_bosTau6Bos_taurusBull7_SAN01.fq.gz	ftp.sra.ebi.ac.uk/vol1/fastq/ERR572/ERR572180/ERR572180.fastq.gz	ftp.sra.ebi.ac.uk/vol1/ERA339/ERA339952/fastq/do3139_H3K4me3_liver_05-1339_bosTau6Bos_taurusBull7_SAN01.fq.gz	Bull7
PRJEB6906	SAMEA2677900	ERS517791	ERX531024	ERR572181	ERA339952	9728	Delphinus delphis	Illumina HiSeq 2000	SINGLE	ChIP-Seq	GENOMIC	33366946	E-MTAB-2633_rev:do2147_input_liver_unk_turTru2Delphinus_delphisCSIP1_SAN01.fq.gz	ftp.sra.ebi.ac.uk/vol1/fastq/ERR572/ERR572181/ERR572181.fastq.gz	ftp.sra.ebi.ac.uk/vol1/ERA339/ERA339952/fastq/do2147_input_liver_unk_turTru2Delphinus_delphisCSIP1_SAN01.fq.gz	SW2012/13
PRJEB6906	SAMEA2677885	ERS517776	ERX530962	ERR572182	ERA339952	10141	Cavia porcellus	Illumina HiSeq 2000	SINGLE	ChIP-Seq	GENOMIC	19887296	E-MTAB-2633_rev:do3046_H3K27Ac_liver_ab4729_cavPor3Cavia_porcellusGuineaPig9_SAN01.fq.gz	ftp.sra.ebi.ac.uk/vol1/fastq/ERR572/ERR572182/ERR572182.fastq.gz	ftp.sra.ebi.ac.uk/vol1/ERA339/ERA339952/fastq/do3046_H3K27Ac_liver_ab4729_cavPor3Cavia_porcellusGuineaPig9_SAN01.fq.gz	GuineaPig9
PRJEB6906	SAMEA2677893	ERS517784	ERX531022	ERR572183	ERA339952	60711	Chlorocebus sabaeus	Illumina HiSeq 2000	SINGLE	ChIP-Seq	GENOMIC	32396930	E-MTAB-2633_rev:do2048_H3K4me3_liver_millipore_05-1339_rheMac2Chlorocebus_aethips_sabaeus3104.0_SAN01.fq.gz	ftp.sra.ebi.ac.uk/vol1/fastq/ERR572/ERR572183/ERR572183.fastq.gz	ftp.sra.ebi.ac.uk/vol1/ERA339/ERA339952/fastq/do2048_H3K4me3_liver_millipore_05-1339_rheMac2Chlorocebus_aethips_sabaeus3104.0_SAN01.fq.gz	Vervet3
PRJEB6906	SAMEA2677863	ERS517754	ERX531058	ERR572184	ERA339952	9483	Callithrix jacchus	Illumina HiSeq 2000	SINGLE	ChIP-Seq	GENOMIC	21914592	E-MTAB-2633_rev:do2497_H3K27Ac_liver_ab4729_calJac3Callithrix_jacchusMarmoset5_SAN01.fq.gz	ftp.sra.ebi.ac.uk/vol1/fastq/ERR572/ERR572184/ERR572184.fastq.gz	ftp.sra.ebi.ac.uk/vol1/ERA339/ERA339952/fastq/do2497_H3K27Ac_liver_ab4729_calJac3Callithrix_jacchusMarmoset5_SAN01.fq.gz	Marmoset5
PRJEB6906	SAMEA2677851	ERS517742	ERX530905	ERR572185	ERA339952	10092	Mus musculus domesticus	Illumina HiSeq 2000	SINGLE	ChIP-Seq	GENOMIC	18714461	E-MTAB-2633_rev:do3131_H3K27Ac_liver_ab4729_mm10BL685924.0_SAN01.fq.gz	ftp.sra.ebi.ac.uk/vol1/fastq/ERR572/ERR572185/ERR572185.fastq.gz	ftp.sra.ebi.ac.uk/vol1/ERA339/ERA339952/fastq/do3131_H3K27Ac_liver_ab4729_mm10BL685924.0_SAN01.fq.gz	85924
PRJEB6906	SAMEA2677882	ERS517773	ERX530988	ERR572186	ERA339952	10116	Rattus norvegicus	Illumina HiSeq 2000	SINGLE	ChIP-Seq	GENOMIC	26266225	E-MTAB-2633_rev:do2514_H3K27Ac_liver_ab4729_rn5Rattus_norvegicusRat10_SAN01.fq.gz	ftp.sra.ebi.ac.uk/vol1/fastq/ERR572/ERR572186/ERR572186.fastq.gz	ftp.sra.ebi.ac.uk/vol1/ERA339/ERA339952/fastq/do2514_H3K27Ac_liver_ab4729_rn5Rattus_norvegicusRat10_SAN01.fq.gz	Rat10
PRJEB6906	SAMEA2677858	ERS517749	ERX530912	ERR572187	ERA339952	10181	Heterocephalus glaber	Illumina HiSeq 2000	SINGLE	ChIP-Seq	GENOMIC	25042960	E-MTAB-2633_rev:do2146_input_liver_unk_hetGla2Heterocephalus_glaberNMR6_SAN01.fq.gz	ftp.sra.ebi.ac.uk/vol1/fastq/ERR572/ERR572187/ERR572187.fastq.gz	ftp.sra.ebi.ac.uk/vol1/ERA339/ERA339952/fastq/do2146_input_liver_unk_hetGla2Heterocephalus_glaberNMR6_SAN01.fq.gz	NMR6
PRJEB6906	SAMEA2677875	ERS517766	ERX531050	ERR572188	ERA339952	60711	Chlorocebus sabaeus	Illumina HiSeq 2000	SINGLE	ChIP-Seq	GENOMIC	21125702	E-MTAB-2633_rev:do3141_H3K27Ac_liver_ab4729_rheMac2Chlorocebus_aethiops_sabaeusVervet2_SAN01.fq.gz	ftp.sra.ebi.ac.uk/vol1/fastq/ERR572/ERR572188/ERR572188.fastq.gz	ftp.sra.ebi.ac.uk/vol1/ERA339/ERA339952/fastq/do3141_H3K27Ac_liver_ab4729_rheMac2Chlorocebus_aethiops_sabaeusVervet2_SAN01.fq.gz	Vervet2
PRJEB6906	SAMEA2677871	ERS517762	ERX530970	ERR572189	ERA339952	9483	Callithrix jacchus	Illumina HiSeq 2000	SINGLE	ChIP-Seq	GENOMIC	24279694	E-MTAB-2633_rev:do2588_unk_liver_unk_calJac3Callithrix_jacchusMarmoset4_SAN01.fq.gz	ftp.sra.ebi.ac.uk/vol1/fastq/ERR572/ERR572189/ERR572189.fastq.gz	ftp.sra.ebi.ac.uk/vol1/ERA339/ERA339952/fastq/do2588_unk_liver_unk_calJac3Callithrix_jacchusMarmoset4_SAN01.fq.gz	Marmoset4
PRJEB6906	SAMEA2677869	ERS517760	ERX531013	ERR572190	ERA339952	9615	Canis lupus familiaris	Illumina HiSeq 2000	SINGLE	ChIP-Seq	GENOMIC	18095949	E-MTAB-2633_rev:do2358_H3K4me3_liver_millipore_05-1339_canFam2Dog6_SAN01.fq.gz	ftp.sra.ebi.ac.uk/vol1/fastq/ERR572/ERR572190/ERR572190.fastq.gz	ftp.sra.ebi.ac.uk/vol1/ERA339/ERA339952/fastq/do2358_H3K4me3_liver_millipore_05-1339_canFam2Dog6_SAN01.fq.gz	Dog6
PRJEB6906	SAMEA2677877	ERS517768	ERX531007	ERR572191	ERA339952	9669	Mustela putorius furo	Illumina HiSeq 2000	SINGLE	ChIP-Seq	GENOMIC	24317071	E-MTAB-2633_rev:do2482_H3K4me3_liver_millipore_05-1339_musFur1Mustela_putorius_furoFerret2_SAN01.fq.gz	ftp.sra.ebi.ac.uk/vol1/fastq/ERR572/ERR572191/ERR572191.fastq.gz	ftp.sra.ebi.ac.uk/vol1/ERA339/ERA339952/fastq/do2482_H3K4me3_liver_millipore_05-1339_musFur1Mustela_putorius_furoFerret2_SAN01.fq.gz	Ferret2
PRJEB6906	SAMEA2677849	ERS517740	ERX531018	ERR572192	ERA339952	10092	Mus musculus domesticus	Illumina HiSeq 2000	SINGLE	ChIP-Seq	GENOMIC	18536499	E-MTAB-2633_rev:do3129_H3K27Ac_liver_ab4729_mm10BL685921.0_SAN01.fq.gz	ftp.sra.ebi.ac.uk/vol1/fastq/ERR572/ERR572192/ERR572192.fastq.gz	ftp.sra.ebi.ac.uk/vol1/ERA339/ERA339952/fastq/do3129_H3K27Ac_liver_ab4729_mm10BL685921.0_SAN01.fq.gz	85921
PRJEB6906	SAMEA2677862	ERS517753	ERX530917	ERR572193	ERA339952	13616	Monodelphis domestica	Illumina HiSeq 2000	SINGLE	ChIP-Seq	GENOMIC	28085989	E-MTAB-2633_rev:do2156_input_liver_unk_monDom5Monodelphis_domesticaOpossum12_SAN01.fq.gz	ftp.sra.ebi.ac.uk/vol1/fastq/ERR572/ERR572193/ERR572193.fastq.gz	ftp.sra.ebi.ac.uk/vol1/ERA339/ERA339952/fastq/do2156_input_liver_unk_monDom5Monodelphis_domesticaOpossum12_SAN01.fq.gz	Opossum12
PRJEB6906	SAMEA2677848	ERS517739	ERX530902	ERR572194	ERA339952	9305	Sarcophilus harrisii	Illumina HiSeq 2000	SINGLE	ChIP-Seq	GENOMIC	19838117	E-MTAB-2633_rev:do2401_Input_liver_unk_sarHar1Montgomery_SAN01.fq.gz	ftp.sra.ebi.ac.uk/vol1/fastq/ERR572/ERR572194/ERR572194.fastq.gz	ftp.sra.ebi.ac.uk/vol1/ERA339/ERA339952/fastq/do2401_Input_liver_unk_sarHar1Montgomery_SAN01.fq.gz	Montgomery
PRJEB6906	SAMEA2677889	ERS517780	ERX531010	ERR572195	ERA339952	9606	Homo sapiens	Illumina HiSeq 2000	SINGLE	ChIP-Seq	GENOMIC	29339810	E-MTAB-2633_rev:do3432_input_liver_unk_hg19Homo_sapiensCRI8_CRI01.fq.gz	ftp.sra.ebi.ac.uk/vol1/fastq/ERR572/ERR572195/ERR572195.fastq.gz	ftp.sra.ebi.ac.uk/vol1/ERA339/ERA339952/fastq/do3432_input_liver_unk_hg19Homo_sapiensCRI8_CRI01.fq.gz	CRI8
PRJEB6906	SAMEA2677891	ERS517782	ERX530975	ERR572196	ERA339952	37347	Tupaia belangeri	Illumina HiSeq 2000	SINGLE	ChIP-Seq	GENOMIC	21506758	E-MTAB-2633_rev:do2049_H3K4me3_liver_millipore_05-1339_tupBel1Tupaia_belangeriTreeShrew1_SAN01.fq.gz	ftp.sra.ebi.ac.uk/vol1/fastq/ERR572/ERR572196/ERR572196.fastq.gz	ftp.sra.ebi.ac.uk/vol1/ERA339/ERA339952/fastq/do2049_H3K4me3_liver_millipore_05-1339_tupBel1Tupaia_belangeriTreeShrew1_SAN01.fq.gz	TreeShrew1
PRJEB6906	SAMEA2677843	ERS517734	ERX530977	ERR572197	ERA339952	9823	Sus scrofa	Illumina HiSeq 2000	SINGLE	ChIP-Seq	GENOMIC	26756177	E-MTAB-2633_rev:do2094_H3K4me3_liver_millipore_05-1339_susScr2Sus_scrofaPig5_SAN01.fq.gz	ftp.sra.ebi.ac.uk/vol1/fastq/ERR572/ERR572197/ERR572197.fastq.gz	ftp.sra.ebi.ac.uk/vol1/ERA339/ERA339952/fastq/do2094_H3K4me3_liver_millipore_05-1339_susScr2Sus_scrofaPig5_SAN01.fq.gz	Pig5
PRJEB6906	SAMEA2677856	ERS517747	ERX530910	ERR572198	ERA339952	37347	Tupaia belangeri	Illumina HiSeq 2000	SINGLE	ChIP-Seq	GENOMIC	30468017	E-MTAB-2633_rev:do3039_H3K27Ac_liver_ab4729_tupBel1Tupaia_belangeriTreeShrew3_SAN01.fq.gz	ftp.sra.ebi.ac.uk/vol1/fastq/ERR572/ERR572198/ERR572198.fastq.gz	ftp.sra.ebi.ac.uk/vol1/ERA339/ERA339952/fastq/do3039_H3K27Ac_liver_ab4729_tupBel1Tupaia_belangeriTreeShrew3_SAN01.fq.gz	TreeShrew3
PRJEB6906	SAMEA2677868	ERS517759	ERX530941	ERR572199	ERA339952	9913	Bos taurus	Illumina HiSeq 2000	SINGLE	ChIP-Seq	GENOMIC	20880546	E-MTAB-2633_rev:do3124_H3K27Ac_liver_ab4729_bosTau6Bos_taurusBull4_SAN01.fq.gz	ftp.sra.ebi.ac.uk/vol1/fastq/ERR572/ERR572199/ERR572199.fastq.gz	ftp.sra.ebi.ac.uk/vol1/ERA339/ERA339952/fastq/do3124_H3K27Ac_liver_ab4729_bosTau6Bos_taurusBull4_SAN01.fq.gz	Bull4
PRJEB6906	SAMEA2677877	ERS517768	ERX530939	ERR572200	ERA339952	9669	Mustela putorius furo	Illumina HiSeq 2000	SINGLE	ChIP-Seq	GENOMIC	29597897	E-MTAB-2633_rev:do2488_H3K27Ac_liver_ab4729_musFur1Mustela_putorius_furoFerret2_SAN01.fq.gz	ftp.sra.ebi.ac.uk/vol1/fastq/ERR572/ERR572200/ERR572200.fastq.gz	ftp.sra.ebi.ac.uk/vol1/ERA339/ERA339952/fastq/do2488_H3K27Ac_liver_ab4729_musFur1Mustela_putorius_furoFerret2_SAN01.fq.gz	Ferret2
PRJEB6906	SAMEA2677901	ERS517792	ERX531067	ERR572201	ERA339952	10141	Cavia porcellus	Illumina HiSeq 2000	SINGLE	ChIP-Seq	GENOMIC	18210003	E-MTAB-2633_rev:do2346_H3K4me3_liver_millipore_05-1339_cavPor3GuineaPig8_SAN01.fq.gz	ftp.sra.ebi.ac.uk/vol1/fastq/ERR572/ERR572201/ERR572201.fastq.gz	ftp.sra.ebi.ac.uk/vol1/ERA339/ERA339952/fastq/do2346_H3K4me3_liver_millipore_05-1339_cavPor3GuineaPig8_SAN01.fq.gz	GuineaPig8
PRJEB6906	SAMEA2677861	ERS517752	ERX530951	ERR572202	ERA339952	9483	Callithrix jacchus	Illumina HiSeq 2000	SINGLE	ChIP-Seq	GENOMIC	27204634	E-MTAB-2633_rev:do2498_H3K27Ac_liver_ab4729_calJac3Callithrix_jacchusMarmoset6_SAN01.fq.gz	ftp.sra.ebi.ac.uk/vol1/fastq/ERR572/ERR572202/ERR572202.fastq.gz	ftp.sra.ebi.ac.uk/vol1/ERA339/ERA339952/fastq/do2498_H3K27Ac_liver_ab4729_calJac3Callithrix_jacchusMarmoset6_SAN01.fq.gz	Marmoset6
PRJEB6906	SAMEA2677876	ERS517767	ERX531042	ERR572203	ERA339952	10181	Heterocephalus glaber	Illumina HiSeq 2000	SINGLE	ChIP-Seq	GENOMIC	33414344	E-MTAB-2633_rev:do2052_H3K4me3_liver_millipore_05-1339_hetGla2Heterocephalus_glaberNMR2_merged.fq.gz	ftp.sra.ebi.ac.uk/vol1/fastq/ERR572/ERR572203/ERR572203.fastq.gz	ftp.sra.ebi.ac.uk/vol1/ERA339/ERA339952/fastq/do2052_H3K4me3_liver_millipore_05-1339_hetGla2Heterocephalus_glaberNMR2_merged.fq.gz	NMR2
PRJEB6906	SAMEA2677898	ERS517789	ERX530998	ERR572204	ERA339952	9823	Sus scrofa	Illumina HiSeq 2000	SINGLE	ChIP-Seq	GENOMIC	21311031	E-MTAB-2633_rev:do3053_H3K27Ac_liver_ab4729_susScr3Sus_scrofaPig4_SAN01.fq.gz	ftp.sra.ebi.ac.uk/vol1/fastq/ERR572/ERR572204/ERR572204.fastq.gz	ftp.sra.ebi.ac.uk/vol1/ERA339/ERA339952/fastq/do3053_H3K27Ac_liver_ab4729_susScr3Sus_scrofaPig4_SAN01.fq.gz	Pig4
PRJEB6906	SAMEA2677899	ERS517790	ERX531006	ERR572205	ERA339952	48745	Mesoplodon bidens	Illumina HiSeq 2000	SINGLE	ChIP-Seq	GENOMIC	25589974	E-MTAB-2633_rev:do2523_H3K27Ac_liver_ab4729_turTru2SW2012_419_SAN01.fq.gz	ftp.sra.ebi.ac.uk/vol1/fastq/ERR572/ERR572205/ERR572205.fastq.gz	ftp.sra.ebi.ac.uk/vol1/ERA339/ERA339952/fastq/do2523_H3K27Ac_liver_ab4729_turTru2SW2012_419_SAN01.fq.gz	SW2012/419
PRJEB6906	SAMEA2677893	ERS517784	ERX531052	ERR572206	ERA339952	60711	Chlorocebus sabaeus	Illumina HiSeq 2000	SINGLE	ChIP-Seq	GENOMIC	22489099	E-MTAB-2633_rev:do2140_input_liver_unk_rheMac2Chlorocebus_aethips_sabaeus3104.0_SAN01.fq.gz	ftp.sra.ebi.ac.uk/vol1/fastq/ERR572/ERR572206/ERR572206.fastq.gz	ftp.sra.ebi.ac.uk/vol1/ERA339/ERA339952/fastq/do2140_input_liver_unk_rheMac2Chlorocebus_aethips_sabaeus3104.0_SAN01.fq.gz	Vervet3
PRJEB6906	SAMEA2677869	ERS517760	ERX530990	ERR572207	ERA339952	9615	Canis lupus familiaris	Illumina HiSeq 2000	SINGLE	ChIP-Seq	GENOMIC	20612516	E-MTAB-2633_rev:do2421_Input_liver_unk_canFam2Dog6_SAN01.fq.gz	ftp.sra.ebi.ac.uk/vol1/fastq/ERR572/ERR572207/ERR572207.fastq.gz	ftp.sra.ebi.ac.uk/vol1/ERA339/ERA339952/fastq/do2421_Input_liver_unk_canFam2Dog6_SAN01.fq.gz	Dog6
PRJEB6906	SAMEA2677899	ERS517790	ERX531020	ERR572208	ERA339952	48745	Mesoplodon bidens	Illumina HiSeq 2000	SINGLE	ChIP-Seq	GENOMIC	40763647	E-MTAB-2633_rev:do2527_input_liver_unk_turTru2SW2012_419_merged.fq.gz	ftp.sra.ebi.ac.uk/vol1/fastq/ERR572/ERR572208/ERR572208.fastq.gz	ftp.sra.ebi.ac.uk/vol1/ERA339/ERA339952/fastq/do2527_input_liver_unk_turTru2SW2012_419_merged.fq.gz	SW2012/419
PRJEB6906	SAMEA2677871	ERS517762	ERX531003	ERR572209	ERA339952	9483	Callithrix jacchus	Illumina HiSeq 2000	SINGLE	ChIP-Seq	GENOMIC	26325426	E-MTAB-2633_rev:do2496_H3K27Ac_liver_ab4729_calJac3Callithrix_jacchusMarmoset4_SAN01.fq.gz	ftp.sra.ebi.ac.uk/vol1/fastq/ERR572/ERR572209/ERR572209.fastq.gz	ftp.sra.ebi.ac.uk/vol1/ERA339/ERA339952/fastq/do2496_H3K27Ac_liver_ab4729_calJac3Callithrix_jacchusMarmoset4_SAN01.fq.gz	Marmoset4
PRJEB6906	SAMEA2677844	ERS517735	ERX530897	ERR572210	ERA339952	9615	Canis lupus familiaris	Illumina HiSeq 2000	SINGLE	ChIP-Seq	GENOMIC	23055194	E-MTAB-2633_rev:do2425_Input_liver_unk_canFam2Dog7_SAN01.fq.gz	ftp.sra.ebi.ac.uk/vol1/fastq/ERR572/ERR572210/ERR572210.fastq.gz	ftp.sra.ebi.ac.uk/vol1/ERA339/ERA339952/fastq/do2425_Input_liver_unk_canFam2Dog7_SAN01.fq.gz	Dog7
PRJEB6906	SAMEA2677865	ERS517756	ERX531001	ERR572211	ERA339952	9544	Macaca mulatta	Illumina HiSeq 2000	SINGLE	ChIP-Seq	GENOMIC	43222532	E-MTAB-2633_rev:do2690_H3K27Ac_liver_ab4729_rheMac2macaqueDiesel_merged.fq.gz	ftp.sra.ebi.ac.uk/vol1/fastq/ERR572/ERR572211/ERR572211.fastq.gz	ftp.sra.ebi.ac.uk/vol1/ERA339/ERA339952/fastq/do2690_H3K27Ac_liver_ab4729_rheMac2macaqueDiesel_merged.fq.gz	Diesel
PRJEB6906	SAMEA2677855	ERS517746	ERX530914	ERR572212	ERA339952	9986	Oryctolagus cuniculus	Illumina HiSeq 2000	SINGLE	ChIP-Seq	GENOMIC	33901553	E-MTAB-2633_rev:do2418_Input_liver_unk_oryCun2Rabbit4_merged.fq.gz	ftp.sra.ebi.ac.uk/vol1/fastq/ERR572/ERR572212/ERR572212.fastq.gz	ftp.sra.ebi.ac.uk/vol1/ERA339/ERA339952/fastq/do2418_Input_liver_unk_oryCun2Rabbit4_merged.fq.gz	Rabbit4
PRJEB6906	SAMEA2677855	ERS517746	ERX530909	ERR572213	ERA339952	9986	Oryctolagus cuniculus	Illumina HiSeq 2000	SINGLE	ChIP-Seq	GENOMIC	17698387	E-MTAB-2633_rev:do2330_H3K4me3_liver_millipore_05-1339_oryCun2Rabbit4_SAN01.fq.gz	ftp.sra.ebi.ac.uk/vol1/fastq/ERR572/ERR572213/ERR572213.fastq.gz	ftp.sra.ebi.ac.uk/vol1/ERA339/ERA339952/fastq/do2330_H3K4me3_liver_millipore_05-1339_oryCun2Rabbit4_SAN01.fq.gz	Rabbit4
PRJEB6906	SAMEA2677887	ERS517778	ERX530983	ERR572214	ERA339952	9823	Sus scrofa	Illumina HiSeq 2000	SINGLE	ChIP-Seq	GENOMIC	21245442	E-MTAB-2633_rev:do3055_H3K27Ac_liver_ab4729_susScr3Sus_scrofaPig6_SAN01.fq.gz	ftp.sra.ebi.ac.uk/vol1/fastq/ERR572/ERR572214/ERR572214.fastq.gz	ftp.sra.ebi.ac.uk/vol1/ERA339/ERA339952/fastq/do3055_H3K27Ac_liver_ab4729_susScr3Sus_scrofaPig6_SAN01.fq.gz	Pig6
PRJEB6906	SAMEA2677845	ERS517736	ERX530901	ERR572215	ERA339952	10141	Cavia porcellus	Illumina HiSeq 2000	SINGLE	ChIP-Seq	GENOMIC	31810630	E-MTAB-2633_rev:do2422_Input_liver_unk_cavPor3GuineaPig7_merged.fq.gz	ftp.sra.ebi.ac.uk/vol1/fastq/ERR572/ERR572215/ERR572215.fastq.gz	ftp.sra.ebi.ac.uk/vol1/ERA339/ERA339952/fastq/do2422_Input_liver_unk_cavPor3GuineaPig7_merged.fq.gz	GuineaPig7
PRJEB6906	SAMEA2677864	ERS517755	ERX530919	ERR572216	ERA339952	9913	Bos taurus	Illumina HiSeq 2000	SINGLE	ChIP-Seq	GENOMIC	21412041	E-MTAB-2633_rev:do3125_H3K27Ac_liver_ab4729_bosTau6Bos_taurusBull5_SAN01.fq.gz	ftp.sra.ebi.ac.uk/vol1/fastq/ERR572/ERR572216/ERR572216.fastq.gz	ftp.sra.ebi.ac.uk/vol1/ERA339/ERA339952/fastq/do3125_H3K27Ac_liver_ab4729_bosTau6Bos_taurusBull5_SAN01.fq.gz	Bull5
PRJEB6906	SAMEA2677877	ERS517768	ERX531049	ERR572217	ERA339952	9669	Mustela putorius furo	Illumina HiSeq 2000	SINGLE	ChIP-Seq	GENOMIC	30921570	E-MTAB-2633_rev:do2593_unk_liver_unk_musFur1Mustela_putorius_furoFerret2_SAN01.fq.gz	ftp.sra.ebi.ac.uk/vol1/fastq/ERR572/ERR572217/ERR572217.fastq.gz	ftp.sra.ebi.ac.uk/vol1/ERA339/ERA339952/fastq/do2593_unk_liver_unk_musFur1Mustela_putorius_furoFerret2_SAN01.fq.gz	Ferret2
PRJEB6906	SAMEA2677900	ERS517791	ERX531043	ERR572218	ERA339952	9728	Delphinus delphis	Illumina HiSeq 2000	SINGLE	ChIP-Seq	GENOMIC	20698162	E-MTAB-2633_rev:do2091_H3K4me3_liver_millipore_05-1339_turTru2Delphinus_delphisCSIP1_SAN01.fq.gz	ftp.sra.ebi.ac.uk/vol1/fastq/ERR572/ERR572218/ERR572218.fastq.gz	ftp.sra.ebi.ac.uk/vol1/ERA339/ERA339952/fastq/do2091_H3K4me3_liver_millipore_05-1339_turTru2Delphinus_delphisCSIP1_SAN01.fq.gz	SW2012/13
PRJEB6906	SAMEA2677850	ERS517741	ERX530946	ERR572219	ERA339952	9606	Homo sapiens	Illumina HiSeq 2000	SINGLE	ChIP-Seq	GENOMIC	22537296	E-MTAB-2633_rev:do3429_input_liver_unk_hg19Homo_sapiensCRI3_CRI01.fq.gz	ftp.sra.ebi.ac.uk/vol1/fastq/ERR572/ERR572219/ERR572219.fastq.gz	ftp.sra.ebi.ac.uk/vol1/ERA339/ERA339952/fastq/do3429_input_liver_unk_hg19Homo_sapiensCRI3_CRI01.fq.gz	CRI3
PRJEB6906	SAMEA2677893	ERS517784	ERX530981	ERR572220	ERA339952	60711	Chlorocebus sabaeus	Illumina HiSeq 2000	SINGLE	ChIP-Seq	GENOMIC	19199977	E-MTAB-2633_rev:do3142_H3K27Ac_liver_ab4729_rheMac2Chlorocebus_aethiops_sabaeusVervet3_SAN01.fq.gz	ftp.sra.ebi.ac.uk/vol1/fastq/ERR572/ERR572220/ERR572220.fastq.gz	ftp.sra.ebi.ac.uk/vol1/ERA339/ERA339952/fastq/do3142_H3K27Ac_liver_ab4729_rheMac2Chlorocebus_aethiops_sabaeusVervet3_SAN01.fq.gz	Vervet3
PRJEB6906	SAMEA2677852	ERS517743	ERX530906	ERR572221	ERA339952	60711	Chlorocebus sabaeus	Illumina HiSeq 2000	SINGLE	ChIP-Seq	GENOMIC	21502922	E-MTAB-2633_rev:do3140_H3K27Ac_liver_ab4729_rheMac2Chlorocebus_aethiops_sabaeusVervet1_SAN01.fq.gz	ftp.sra.ebi.ac.uk/vol1/fastq/ERR572/ERR572221/ERR572221.fastq.gz	ftp.sra.ebi.ac.uk/vol1/ERA339/ERA339952/fastq/do3140_H3K27Ac_liver_ab4729_rheMac2Chlorocebus_aethiops_sabaeusVervet1_SAN01.fq.gz	Vervet1
PRJEB6906	SAMEA2677892	ERS517783	ERX530979	ERR572222	ERA339952	9986	Oryctolagus cuniculus	Illumina HiSeq 2000	SINGLE	ChIP-Seq	GENOMIC	20959394	E-MTAB-2633_rev:do3043_H3K27Ac_liver_ab4729_oryCun2Oryctolagus_cuniculusRabbit6_SAN01.fq.gz	ftp.sra.ebi.ac.uk/vol1/fastq/ERR572/ERR572222/ERR572222.fastq.gz	ftp.sra.ebi.ac.uk/vol1/ERA339/ERA339952/fastq/do3043_H3K27Ac_liver_ab4729_oryCun2Oryctolagus_cuniculusRabbit6_SAN01.fq.gz	Rabbit6
PRJEB6906	SAMEA2677863	ERS517754	ERX530918	ERR572223	ERA339952	9483	Callithrix jacchus	Illumina HiSeq 2000	SINGLE	ChIP-Seq	GENOMIC	38119553	E-MTAB-2633_rev:do2589_unk_liver_unk_calJac3Callithrix_jacchusMarmoset5_SAN01.fq.gz	ftp.sra.ebi.ac.uk/vol1/fastq/ERR572/ERR572223/ERR572223.fastq.gz	ftp.sra.ebi.ac.uk/vol1/ERA339/ERA339952/fastq/do2589_unk_liver_unk_calJac3Callithrix_jacchusMarmoset5_SAN01.fq.gz	Marmoset5
PRJEB6906	SAMEA2677888	ERS517779	ERX531028	ERR572224	ERA339952	9669	Mustela putorius furo	Illumina HiSeq 2000	SINGLE	ChIP-Seq	GENOMIC	27310957	E-MTAB-2633_rev:do2483_H3K4me3_liver_millipore_05-1339_musFur1Mustela_putorius_furoFerret3_SAN01.fq.gz	ftp.sra.ebi.ac.uk/vol1/fastq/ERR572/ERR572224/ERR572224.fastq.gz	ftp.sra.ebi.ac.uk/vol1/ERA339/ERA339952/fastq/do2483_H3K4me3_liver_millipore_05-1339_musFur1Mustela_putorius_furoFerret3_SAN01.fq.gz	Ferret3
PRJEB6906	SAMEA2677861	ERS517752	ERX531012	ERR572225	ERA339952	9483	Callithrix jacchus	Illumina HiSeq 2000	SINGLE	ChIP-Seq	GENOMIC	27233969	E-MTAB-2633_rev:do2492_H3K4me3_liver_millipore_05-1339_calJac3Callithrix_jacchusMarmoset6_SAN01.fq.gz	ftp.sra.ebi.ac.uk/vol1/fastq/ERR572/ERR572225/ERR572225.fastq.gz	ftp.sra.ebi.ac.uk/vol1/ERA339/ERA339952/fastq/do2492_H3K4me3_liver_millipore_05-1339_calJac3Callithrix_jacchusMarmoset6_SAN01.fq.gz	Marmoset6
PRJEB6906	SAMEA2677851	ERS517742	ERX531037	ERR572226	ERA339952	10092	Mus musculus domesticus	Illumina HiSeq 2000	SINGLE	ChIP-Seq	GENOMIC	24127118	E-MTAB-2633_rev:do3151_input_liver_unk_mm10BL685924.0_SAN01.fq.gz	ftp.sra.ebi.ac.uk/vol1/fastq/ERR572/ERR572226/ERR572226.fastq.gz	ftp.sra.ebi.ac.uk/vol1/ERA339/ERA339952/fastq/do3151_input_liver_unk_mm10BL685924.0_SAN01.fq.gz	85924
PRJEB6906	SAMEA2677874	ERS517765	ERX530937	ERR572227	ERA339952	10092	Mus musculus domesticus	Illumina HiSeq 2000	SINGLE	ChIP-Seq	GENOMIC	25532423	E-MTAB-2633_rev:do3150_input_liver_unk_mm10BL685923.0_SAN01.fq.gz	ftp.sra.ebi.ac.uk/vol1/fastq/ERR572/ERR572227/ERR572227.fastq.gz	ftp.sra.ebi.ac.uk/vol1/ERA339/ERA339952/fastq/do3150_input_liver_unk_mm10BL685923.0_SAN01.fq.gz	85923
PRJEB6906	SAMEA2677854	ERS517745	ERX530908	ERR572228	ERA339952	10092	Mus musculus domesticus	Illumina HiSeq 2000	SINGLE	ChIP-Seq	GENOMIC	20142303	E-MTAB-2633_rev:do3128_H3K27Ac_liver_ab4729_mm10BL685920.0_SAN01.fq.gz	ftp.sra.ebi.ac.uk/vol1/fastq/ERR572/ERR572228/ERR572228.fastq.gz	ftp.sra.ebi.ac.uk/vol1/ERA339/ERA339952/fastq/do3128_H3K27Ac_liver_ab4729_mm10BL685920.0_SAN01.fq.gz	85920
PRJEB6906	SAMEA2677885	ERS517776	ERX531025	ERR572229	ERA339952	10141	Cavia porcellus	Illumina HiSeq 2000	SINGLE	ChIP-Seq	GENOMIC	20162887	E-MTAB-2633_rev:do2350_H3K4me3_liver_millipore_05-1339_cavPor3GuineaPig9_SAN01.fq.gz	ftp.sra.ebi.ac.uk/vol1/fastq/ERR572/ERR572229/ERR572229.fastq.gz	ftp.sra.ebi.ac.uk/vol1/ERA339/ERA339952/fastq/do2350_H3K4me3_liver_millipore_05-1339_cavPor3GuineaPig9_SAN01.fq.gz	GuineaPig9
PRJEB6906	SAMEA2677875	ERS517766	ERX530935	ERR572230	ERA339952	60711	Chlorocebus sabaeus	Illumina HiSeq 2000	SINGLE	ChIP-Seq	GENOMIC	29729055	E-MTAB-2633_rev:do2047_H3K4me3_liver_millipore_05-1339_rheMac2Chlorocebus_aethips_sabaeus2079.0_SAN01.fq.gz	ftp.sra.ebi.ac.uk/vol1/fastq/ERR572/ERR572230/ERR572230.fastq.gz	ftp.sra.ebi.ac.uk/vol1/ERA339/ERA339952/fastq/do2047_H3K4me3_liver_millipore_05-1339_rheMac2Chlorocebus_aethips_sabaeus2079.0_SAN01.fq.gz	Vervet2
PRJEB6906	SAMEA2677900	ERS517791	ERX531038	ERR572231	ERA339952	9728	Delphinus delphis	Illumina HiSeq 2000	SINGLE	ChIP-Seq	GENOMIC	22438791	E-MTAB-2633_rev:do3056_H3K27Ac_liver_ab4729_turTru2Tursiops_truncatusCSIP1_SAN01.fq.gz	ftp.sra.ebi.ac.uk/vol1/fastq/ERR572/ERR572231/ERR572231.fastq.gz	ftp.sra.ebi.ac.uk/vol1/ERA339/ERA339952/fastq/do3056_H3K27Ac_liver_ab4729_turTru2Tursiops_truncatusCSIP1_SAN01.fq.gz	SW2012/13
PRJEB6906	SAMEA2677881	ERS517772	ERX531048	ERR572232	ERA339952	9986	Oryctolagus cuniculus	Illumina HiSeq 2000	SINGLE	ChIP-Seq	GENOMIC	20219777	E-MTAB-2633_rev:do3042_H3K27Ac_liver_ab4729_oryCun2Oryctolagus_cuniculusRabbit5_SAN01.fq.gz	ftp.sra.ebi.ac.uk/vol1/fastq/ERR572/ERR572232/ERR572232.fastq.gz	ftp.sra.ebi.ac.uk/vol1/ERA339/ERA339952/fastq/do3042_H3K27Ac_liver_ab4729_oryCun2Oryctolagus_cuniculusRabbit5_SAN01.fq.gz	Rabbit5
PRJEB6906	SAMEA2677880	ERS517771	ERX531015	ERR572233	ERA339952	48745	Mesoplodon bidens	Illumina HiSeq 2000	SINGLE	ChIP-Seq	GENOMIC	27250823	E-MTAB-2633_rev:do2524_H3K27Ac_liver_ab4729_turTru2SW2012_327_SAN01.fq.gz	ftp.sra.ebi.ac.uk/vol1/fastq/ERR572/ERR572233/ERR572233.fastq.gz	ftp.sra.ebi.ac.uk/vol1/ERA339/ERA339952/fastq/do2524_H3K27Ac_liver_ab4729_turTru2SW2012_327_SAN01.fq.gz	SW2012/327
PRJEB6906	SAMEA2677865	ERS517756	ERX531030	ERR572234	ERA339952	9544	Macaca mulatta	Illumina HiSeq 2000	SINGLE	ChIP-Seq	GENOMIC	26087358	E-MTAB-2633_rev:do2043_H3K4me3_liver_millipore_05-1339_rheMac2Macaca_mulattaDiesel_SAN01.fq.gz	ftp.sra.ebi.ac.uk/vol1/fastq/ERR572/ERR572234/ERR572234.fastq.gz	ftp.sra.ebi.ac.uk/vol1/ERA339/ERA339952/fastq/do2043_H3K4me3_liver_millipore_05-1339_rheMac2Macaca_mulattaDiesel_SAN01.fq.gz	Diesel
PRJEB6906	SAMEA2677847	ERS517738	ERX530961	ERR572235	ERA339952	9685	Felis catus	Illumina HiSeq 2000	SINGLE	ChIP-Seq	GENOMIC	20148966	E-MTAB-2633_rev:do2413_Input_liver_unk_felCat5Cat1_SAN01.fq.gz	ftp.sra.ebi.ac.uk/vol1/fastq/ERR572/ERR572235/ERR572235.fastq.gz	ftp.sra.ebi.ac.uk/vol1/ERA339/ERA339952/fastq/do2413_Input_liver_unk_felCat5Cat1_SAN01.fq.gz	Cat1
PRJEB6906	SAMEA2677896	ERS517787	ERX530996	ERR572236	ERA339952	9913	Bos taurus	Illumina HiSeq 2000	SINGLE	ChIP-Seq	GENOMIC	23020837	E-MTAB-2633_rev:do3126_H3K27Ac_liver_ab4729_bosTau6Bos_taurusBull6_SAN01.fq.gz	ftp.sra.ebi.ac.uk/vol1/fastq/ERR572/ERR572236/ERR572236.fastq.gz	ftp.sra.ebi.ac.uk/vol1/ERA339/ERA339952/fastq/do3126_H3K27Ac_liver_ab4729_bosTau6Bos_taurusBull6_SAN01.fq.gz	Bull6
PRJEB6906	SAMEA2677894	ERS517785	ERX530986	ERR572237	ERA339952	9305	Sarcophilus harrisii	Illumina HiSeq 2000	SINGLE	ChIP-Seq	GENOMIC	18634588	E-MTAB-2633_rev:do2397_Input_liver_unk_sarHar1Mariah_SAN01.fq.gz	ftp.sra.ebi.ac.uk/vol1/fastq/ERR572/ERR572237/ERR572237.fastq.gz	ftp.sra.ebi.ac.uk/vol1/ERA339/ERA339952/fastq/do2397_Input_liver_unk_sarHar1Mariah_SAN01.fq.gz	Mariah
PRJEB6906	SAMEA2677881	ERS517772	ERX530958	ERR572238	ERA339952	9986	Oryctolagus cuniculus	Illumina HiSeq 2000	SINGLE	ChIP-Seq	GENOMIC	33669179	E-MTAB-2633_rev:do2419_Input_liver_unk_oryCun2Rabbit5_merged.fq.gz	ftp.sra.ebi.ac.uk/vol1/fastq/ERR572/ERR572238/ERR572238.fastq.gz	ftp.sra.ebi.ac.uk/vol1/ERA339/ERA339952/fastq/do2419_Input_liver_unk_oryCun2Rabbit5_merged.fq.gz	Rabbit5
PRJEB6906	SAMEA2677870	ERS517761	ERX530928	ERR572239	ERA339952	9544	Macaca mulatta	Illumina HiSeq 2000	SINGLE	ChIP-Seq	GENOMIC	19316945	E-MTAB-2633_rev:do3145_H3K4me3_liver_05-1339_rheMac2Macaca_mulattaSteed_SAN01.fq.gz	ftp.sra.ebi.ac.uk/vol1/fastq/ERR572/ERR572239/ERR572239.fastq.gz	ftp.sra.ebi.ac.uk/vol1/ERA339/ERA339952/fastq/do3145_H3K4me3_liver_05-1339_rheMac2Macaca_mulattaSteed_SAN01.fq.gz	Steed
PRJEB6906	SAMEA2677849	ERS517740	ERX531026	ERR572240	ERA339952	10092	Mus musculus domesticus	Illumina HiSeq 2000	SINGLE	ChIP-Seq	GENOMIC	19766613	E-MTAB-2633_rev:do3135_H3K4me3_liver_05-1339_mm10BL685921.0_SAN01.fq.gz	ftp.sra.ebi.ac.uk/vol1/fastq/ERR572/ERR572240/ERR572240.fastq.gz	ftp.sra.ebi.ac.uk/vol1/ERA339/ERA339952/fastq/do3135_H3K4me3_liver_05-1339_mm10BL685921.0_SAN01.fq.gz	85921
PRJEB6906	SAMEA2677867	ERS517758	ERX530922	ERR572241	ERA339952	9606	Homo sapiens	Illumina HiSeq 2000	SINGLE	ChIP-Seq	GENOMIC	52727599	E-MTAB-2633_rev:do3309_H3K27Ac__liver_ab4729_hg19Homo_sapiensCRI6_CRI01.fq.gz	ftp.sra.ebi.ac.uk/vol1/fastq/ERR572/ERR572241/ERR572241.fastq.gz	ftp.sra.ebi.ac.uk/vol1/ERA339/ERA339952/fastq/do3309_H3K27Ac__liver_ab4729_hg19Homo_sapiensCRI6_CRI01.fq.gz	CRI6
PRJEB6906	SAMEA2677846	ERS517737	ERX530956	ERR572242	ERA339952	9544	Macaca mulatta	Illumina HiSeq 2000	SINGLE	ChIP-Seq	GENOMIC	25604436	E-MTAB-2633_rev:do3152_input_liver_unk_rheMac2Macaca_mulattaLachs_SAN01.fq.gz	ftp.sra.ebi.ac.uk/vol1/fastq/ERR572/ERR572242/ERR572242.fastq.gz	ftp.sra.ebi.ac.uk/vol1/ERA339/ERA339952/fastq/do3152_input_liver_unk_rheMac2Macaca_mulattaLachs_SAN01.fq.gz	Lachs
PRJEB6906	SAMEA2677896	ERS517787	ERX531053	ERR572243	ERA339952	9913	Bos taurus	Illumina HiSeq 2000	SINGLE	ChIP-Seq	GENOMIC	20581085	E-MTAB-2633_rev:do3138_H3K4me3_liver_05-1339_bosTau6Bos_taurusBull6_SAN01.fq.gz	ftp.sra.ebi.ac.uk/vol1/fastq/ERR572/ERR572243/ERR572243.fastq.gz	ftp.sra.ebi.ac.uk/vol1/ERA339/ERA339952/fastq/do3138_H3K4me3_liver_05-1339_bosTau6Bos_taurusBull6_SAN01.fq.gz	Bull6
PRJEB6906	SAMEA2677884	ERS517775	ERX530963	ERR572244	ERA339952	9685	Felis catus	Illumina HiSeq 2000	SINGLE	ChIP-Seq	GENOMIC	17964913	E-MTAB-2633_rev:do2835_H3K4me3_liver_05-1339_felCat5Felis_catusCat2_SAN01.fq.gz	ftp.sra.ebi.ac.uk/vol1/fastq/ERR572/ERR572244/ERR572244.fastq.gz	ftp.sra.ebi.ac.uk/vol1/ERA339/ERA339952/fastq/do2835_H3K4me3_liver_05-1339_felCat5Felis_catusCat2_SAN01.fq.gz	Cat2
PRJEB6906	SAMEA2677859	ERS517750	ERX530964	ERR572245	ERA339952	9544	Macaca mulatta	Illumina HiSeq 2000	SINGLE	ChIP-Seq	GENOMIC	12118268	E-MTAB-2633_rev:do2045_H3K4me3_liver_millipore_05-1339_rheMac2Macaca_mulattaBlues_SAN01.fq.gz	ftp.sra.ebi.ac.uk/vol1/fastq/ERR572/ERR572245/ERR572245.fastq.gz	ftp.sra.ebi.ac.uk/vol1/ERA339/ERA339952/fastq/do2045_H3K4me3_liver_millipore_05-1339_rheMac2Macaca_mulattaBlues_SAN01.fq.gz	Blues
PRJEB6906	SAMEA2677859	ERS517750	ERX530989	ERR572246	ERA339952	9544	Macaca mulatta	Illumina HiSeq 2000	SINGLE	ChIP-Seq	GENOMIC	27668373	E-MTAB-2633_rev:do2137_input_liver_unk_rheMac2Macaca_mulattaBlues_SAN01.fq.gz	ftp.sra.ebi.ac.uk/vol1/fastq/ERR572/ERR572246/ERR572246.fastq.gz	ftp.sra.ebi.ac.uk/vol1/ERA339/ERA339952/fastq/do2137_input_liver_unk_rheMac2Macaca_mulattaBlues_SAN01.fq.gz	Blues
PRJEB6906	SAMEA2677890	ERS517781	ERX530974	ERR572247	ERA339952	10181	Heterocephalus glaber	Illumina HiSeq 2000	SINGLE	ChIP-Seq	GENOMIC	21163065	E-MTAB-2633_rev:do3051_H3K27Ac_liver_ab4729_hetGla2Heterocephalus_glaberNMR5_SAN01.fq.gz	ftp.sra.ebi.ac.uk/vol1/fastq/ERR572/ERR572247/ERR572247.fastq.gz	ftp.sra.ebi.ac.uk/vol1/ERA339/ERA339952/fastq/do3051_H3K27Ac_liver_ab4729_hetGla2Heterocephalus_glaberNMR5_SAN01.fq.gz	NMR5
PRJEB6906	SAMEA2677867	ERS517758	ERX530993	ERR572248	ERA339952	9606	Homo sapiens	Illumina HiSeq 2000	SINGLE	ChIP-Seq	GENOMIC	33084450	E-MTAB-2633_rev:do3305_H3K4me3_liver_millipore_05-1339_hg19Homo_sapiensCRI6_CRI01.fq.gz	ftp.sra.ebi.ac.uk/vol1/fastq/ERR572/ERR572248/ERR572248.fastq.gz	ftp.sra.ebi.ac.uk/vol1/ERA339/ERA339952/fastq/do3305_H3K4me3_liver_millipore_05-1339_hg19Homo_sapiensCRI6_CRI01.fq.gz	CRI6
PRJEB6906	SAMEA2677866	ERS517757	ERX530932	ERR572249	ERA339952	9606	Homo sapiens	Illumina HiSeq 2000	SINGLE	ChIP-Seq	GENOMIC	28491527	E-MTAB-2633_rev:do3431_input_liver_unk_hg19Homo_sapiensCRI7_CRI01.fq.gz	ftp.sra.ebi.ac.uk/vol1/fastq/ERR572/ERR572249/ERR572249.fastq.gz	ftp.sra.ebi.ac.uk/vol1/ERA339/ERA339952/fastq/do3431_input_liver_unk_hg19Homo_sapiensCRI7_CRI01.fq.gz	CRI7
PRJEB6906	SAMEA2677874	ERS517765	ERX530933	ERR572250	ERA339952	10092	Mus musculus domesticus	Illumina HiSeq 2000	SINGLE	ChIP-Seq	GENOMIC	19288088	E-MTAB-2633_rev:do3136_H3K4me3_liver_05-1339_mm10BL685923.0_SAN01.fq.gz	ftp.sra.ebi.ac.uk/vol1/fastq/ERR572/ERR572250/ERR572250.fastq.gz	ftp.sra.ebi.ac.uk/vol1/ERA339/ERA339952/fastq/do3136_H3K4me3_liver_05-1339_mm10BL685923.0_SAN01.fq.gz	85923
PRJEB6906	SAMEA2677878	ERS517769	ERX530985	ERR572251	ERA339952	10116	Rattus norvegicus	Illumina HiSeq 2000	SINGLE	ChIP-Seq	GENOMIC	24232414	E-MTAB-2633_rev:do2512_H3K27Ac_liver_ab4729_rn5Rattus_norvegicusRat7_SAN01p1.fq.gz	ftp.sra.ebi.ac.uk/vol1/fastq/ERR572/ERR572251/ERR572251.fastq.gz	ftp.sra.ebi.ac.uk/vol1/ERA339/ERA339952/fastq/do2512_H3K27Ac_liver_ab4729_rn5Rattus_norvegicusRat7_SAN01p1.fq.gz	Rat7
PRJEB6906	SAMEA2677897	ERS517788	ERX531027	ERR572252	ERA339952	13616	Monodelphis domestica	Illumina HiSeq 2000	SINGLE	ChIP-Seq	GENOMIC	39861068	E-MTAB-2633_rev:do2101_H3K4me3_liver_millipore_05-1339_monDom5Monodelphis_domesticaOpossum13_merged.fq.gz	ftp.sra.ebi.ac.uk/vol1/fastq/ERR572/ERR572252/ERR572252.fastq.gz	ftp.sra.ebi.ac.uk/vol1/ERA339/ERA339952/fastq/do2101_H3K4me3_liver_millipore_05-1339_monDom5Monodelphis_domesticaOpossum13_merged.fq.gz	Opossum13
PRJEB6906	SAMEA2677853	ERS517744	ERX531044	ERR572253	ERA339952	9615	Canis lupus familiaris	Illumina HiSeq 2000	SINGLE	ChIP-Seq	GENOMIC	26512491	E-MTAB-2633_rev:do2356_H3K27Ac_liver_ab4729_canFam2Dog5_SAN01.fq.gz	ftp.sra.ebi.ac.uk/vol1/fastq/ERR572/ERR572253/ERR572253.fastq.gz	ftp.sra.ebi.ac.uk/vol1/ERA339/ERA339952/fastq/do2356_H3K27Ac_liver_ab4729_canFam2Dog5_SAN01.fq.gz	Dog5
PRJEB6906	SAMEA2677888	ERS517779	ERX530971	ERR572254	ERA339952	9669	Mustela putorius furo	Illumina HiSeq 2000	SINGLE	ChIP-Seq	GENOMIC	30606738	E-MTAB-2633_rev:do2594_unk_liver_unk_musFur1Mustela_putorius_furoFerret3_SAN01.fq.gz	ftp.sra.ebi.ac.uk/vol1/fastq/ERR572/ERR572254/ERR572254.fastq.gz	ftp.sra.ebi.ac.uk/vol1/ERA339/ERA339952/fastq/do2594_unk_liver_unk_musFur1Mustela_putorius_furoFerret3_SAN01.fq.gz	Ferret3
PRJEB6906	SAMEA2677846	ERS517737	ERX530899	ERR572255	ERA339952	9544	Macaca mulatta	Illumina HiSeq 2000	SINGLE	ChIP-Seq	GENOMIC	19678450	E-MTAB-2633_rev:do3146_H3K4me3_liver_05-1339_rheMac2Macaca_mulattaLachs_SAN01.fq.gz	ftp.sra.ebi.ac.uk/vol1/fastq/ERR572/ERR572255/ERR572255.fastq.gz	ftp.sra.ebi.ac.uk/vol1/ERA339/ERA339952/fastq/do3146_H3K4me3_liver_05-1339_rheMac2Macaca_mulattaLachs_SAN01.fq.gz	Lachs
PRJEB6906	SAMEA2677891	ERS517782	ERX531016	ERR572256	ERA339952	37347	Tupaia belangeri	Illumina HiSeq 2000	SINGLE	ChIP-Seq	GENOMIC	29354340	E-MTAB-2633_rev:do3037_H3K27Ac_liver_ab4729_tupBel1Tupaia_belangeriTreeShrew1_SAN01.fq.gz	ftp.sra.ebi.ac.uk/vol1/fastq/ERR572/ERR572256/ERR572256.fastq.gz	ftp.sra.ebi.ac.uk/vol1/ERA339/ERA339952/fastq/do3037_H3K27Ac_liver_ab4729_tupBel1Tupaia_belangeriTreeShrew1_SAN01.fq.gz	TreeShrew1
PRJEB6906	SAMEA2677847	ERS517738	ERX531041	ERR572257	ERA339952	9685	Felis catus	Illumina HiSeq 2000	SINGLE	ChIP-Seq	GENOMIC	20664124	E-MTAB-2633_rev:do3047_H3K27Ac_liver_ab4729_felCat5Felis_catusCat1_SAN01.fq.gz	ftp.sra.ebi.ac.uk/vol1/fastq/ERR572/ERR572257/ERR572257.fastq.gz	ftp.sra.ebi.ac.uk/vol1/ERA339/ERA339952/fastq/do3047_H3K27Ac_liver_ab4729_felCat5Felis_catusCat1_SAN01.fq.gz	Cat1
PRJEB6906	SAMEA2677880	ERS517771	ERX530943	ERR572258	ERA339952	48745	Mesoplodon bidens	Illumina HiSeq 2000	SINGLE	ChIP-Seq	GENOMIC	40276786	E-MTAB-2633_rev:do2528_input_liver_unk_turTru2SW2012_327_merged.fq.gz	ftp.sra.ebi.ac.uk/vol1/fastq/ERR572/ERR572258/ERR572258.fastq.gz	ftp.sra.ebi.ac.uk/vol1/ERA339/ERA339952/fastq/do2528_input_liver_unk_turTru2SW2012_327_merged.fq.gz	SW2012/327
PRJEB6906	SAMEA2677853	ERS517744	ERX530944	ERR572259	ERA339952	9615	Canis lupus familiaris	Illumina HiSeq 2000	SINGLE	ChIP-Seq	GENOMIC	31155695	E-MTAB-2633_rev:do2592_unk_liver_unk_canFam2Canis_familiarisDog5_SAN01.fq.gz	ftp.sra.ebi.ac.uk/vol1/fastq/ERR572/ERR572259/ERR572259.fastq.gz	ftp.sra.ebi.ac.uk/vol1/ERA339/ERA339952/fastq/do2592_unk_liver_unk_canFam2Canis_familiarisDog5_SAN01.fq.gz	Dog5
PRJEB6906	SAMEA2677853	ERS517744	ERX530907	ERR572260	ERA339952	9615	Canis lupus familiaris	Illumina HiSeq 2000	SINGLE	ChIP-Seq	GENOMIC	18323593	E-MTAB-2633_rev:do2354_H3K4me3_liver_millipore_05-1339_canFam2Dog5_SAN01.fq.gz	ftp.sra.ebi.ac.uk/vol1/fastq/ERR572/ERR572260/ERR572260.fastq.gz	ftp.sra.ebi.ac.uk/vol1/ERA339/ERA339952/fastq/do2354_H3K4me3_liver_millipore_05-1339_canFam2Dog5_SAN01.fq.gz	Dog5
PRJEB6906	SAMEA2677843	ERS517734	ERX530896	ERR572261	ERA339952	9823	Sus scrofa	Illumina HiSeq 2000	SINGLE	ChIP-Seq	GENOMIC	20757006	E-MTAB-2633_rev:do3054_H3K27Ac_liver_ab4729_susScr3Sus_scrofaPig5_SAN01.fq.gz	ftp.sra.ebi.ac.uk/vol1/fastq/ERR572/ERR572261/ERR572261.fastq.gz	ftp.sra.ebi.ac.uk/vol1/ERA339/ERA339952/fastq/do3054_H3K27Ac_liver_ab4729_susScr3Sus_scrofaPig5_SAN01.fq.gz	Pig5
PRJEB6906	SAMEA2677876	ERS517767	ERX531039	ERR572262	ERA339952	10181	Heterocephalus glaber	Illumina HiSeq 2000	SINGLE	ChIP-Seq	GENOMIC	21018740	E-MTAB-2633_rev:do3050_H3K27Ac_liver_ab4729_hetGla2Heterocephalus_glaberNMR2_SAN01.fq.gz	ftp.sra.ebi.ac.uk/vol1/fastq/ERR572/ERR572262/ERR572262.fastq.gz	ftp.sra.ebi.ac.uk/vol1/ERA339/ERA339952/fastq/do3050_H3K27Ac_liver_ab4729_hetGla2Heterocephalus_glaberNMR2_SAN01.fq.gz	NMR2
PRJEB6906	SAMEA2677858	ERS517749	ERX530927	ERR572263	ERA339952	10181	Heterocephalus glaber	Illumina HiSeq 2000	SINGLE	ChIP-Seq	GENOMIC	21471103	E-MTAB-2633_rev:do3052_H3K27Ac_liver_ab4729_hetGla2Heterocephalus_glaberNMR6_SAN01.fq.gz	ftp.sra.ebi.ac.uk/vol1/fastq/ERR572/ERR572263/ERR572263.fastq.gz	ftp.sra.ebi.ac.uk/vol1/ERA339/ERA339952/fastq/do3052_H3K27Ac_liver_ab4729_hetGla2Heterocephalus_glaberNMR6_SAN01.fq.gz	NMR6
PRJEB6906	SAMEA2677879	ERS517770	ERX530942	ERR572264	ERA339952	10116	Rattus norvegicus	Illumina HiSeq 2000	SINGLE	ChIP-Seq	GENOMIC	27532628	E-MTAB-2633_rev:do2507_H3K4me3_liver_millipore_05-1339_rn5Rattus_norvegicusRat9_SAN01.fq.gz	ftp.sra.ebi.ac.uk/vol1/fastq/ERR572/ERR572264/ERR572264.fastq.gz	ftp.sra.ebi.ac.uk/vol1/ERA339/ERA339952/fastq/do2507_H3K4me3_liver_millipore_05-1339_rn5Rattus_norvegicusRat9_SAN01.fq.gz	Rat9
PRJEB6906	SAMEA2677852	ERS517743	ERX530976	ERR572265	ERA339952	60711	Chlorocebus sabaeus	Illumina HiSeq 2000	SINGLE	ChIP-Seq	GENOMIC	33541885	E-MTAB-2633_rev:do2046_H3K4me3_liver_millipore_05-1339_rheMac2Chlorocebus_aethips_sabaeus2053.0_SAN01.fq.gz	ftp.sra.ebi.ac.uk/vol1/fastq/ERR572/ERR572265/ERR572265.fastq.gz	ftp.sra.ebi.ac.uk/vol1/ERA339/ERA339952/fastq/do2046_H3K4me3_liver_millipore_05-1339_rheMac2Chlorocebus_aethips_sabaeus2053.0_SAN01.fq.gz	Vervet1
PRJEB6906	SAMEA2677895	ERS517786	ERX530987	ERR572266	ERA339952	9768	Balaenoptera borealis	Illumina HiSeq 2000	SINGLE	ChIP-Seq	GENOMIC	21268048	E-MTAB-2633_rev:do2526_H3K27Ac_liver_ab4729_turTru2SW2012_413_SAN01.fq.gz	ftp.sra.ebi.ac.uk/vol1/fastq/ERR572/ERR572266/ERR572266.fastq.gz	ftp.sra.ebi.ac.uk/vol1/ERA339/ERA339952/fastq/do2526_H3K27Ac_liver_ab4729_turTru2SW2012_413_SAN01.fq.gz	SW2012/413
PRJEB6906	SAMEA2677892	ERS517783	ERX531014	ERR572267	ERA339952	9986	Oryctolagus cuniculus	Illumina HiSeq 2000	SINGLE	ChIP-Seq	GENOMIC	17900100	E-MTAB-2633_rev:do2338_H3K4me3_liver_millipore_05-1339_oryCun2Rabbit6_SAN01.fq.gz	ftp.sra.ebi.ac.uk/vol1/fastq/ERR572/ERR572267/ERR572267.fastq.gz	ftp.sra.ebi.ac.uk/vol1/ERA339/ERA339952/fastq/do2338_H3K4me3_liver_millipore_05-1339_oryCun2Rabbit6_SAN01.fq.gz	Rabbit6
PRJEB6906	SAMEA2677860	ERS517751	ERX530915	ERR572268	ERA339952	37347	Tupaia belangeri	Illumina HiSeq 2000	SINGLE	ChIP-Seq	GENOMIC	33135803	E-MTAB-2633_rev:do2142_input_liver_unk_tupBel1Tupaia_belangeriTreeShrew2_SAN01.fq.gz	ftp.sra.ebi.ac.uk/vol1/fastq/ERR572/ERR572268/ERR572268.fastq.gz	ftp.sra.ebi.ac.uk/vol1/ERA339/ERA339952/fastq/do2142_input_liver_unk_tupBel1Tupaia_belangeriTreeShrew2_SAN01.fq.gz	TreeShrew2
PRJEB6906	SAMEA2677885	ERS517776	ERX530960	ERR572269	ERA339952	10141	Cavia porcellus	Illumina HiSeq 2000	SINGLE	ChIP-Seq	GENOMIC	35236382	E-MTAB-2633_rev:do2424_Input_liver_unk_cavPor3GuineaPig9_merged.fq.gz	ftp.sra.ebi.ac.uk/vol1/fastq/ERR572/ERR572269/ERR572269.fastq.gz	ftp.sra.ebi.ac.uk/vol1/ERA339/ERA339952/fastq/do2424_Input_liver_unk_cavPor3GuineaPig9_merged.fq.gz	GuineaPig9
PRJEB6906	SAMEA2677889	ERS517780	ERX531021	ERR572270	ERA339952	9606	Homo sapiens	Illumina HiSeq 2000	SINGLE	ChIP-Seq	GENOMIC	56764859	E-MTAB-2633_rev:do3307_H3K4me3_liver_millipore_05-1339_hg19Homo_sapiensCRI8_CRI01.fq.gz	ftp.sra.ebi.ac.uk/vol1/fastq/ERR572/ERR572270/ERR572270.fastq.gz	ftp.sra.ebi.ac.uk/vol1/ERA339/ERA339952/fastq/do3307_H3K4me3_liver_millipore_05-1339_hg19Homo_sapiensCRI8_CRI01.fq.gz	CRI8
PRJEB6906	SAMEA2677864	ERS517755	ERX530947	ERR572271	ERA339952	9913	Bos taurus	Illumina HiSeq 2000	SINGLE	ChIP-Seq	GENOMIC	22644297	E-MTAB-2633_rev:do2842_input_liver_unk_bosTau6Bos_taurusBull5_SAN01.fq.gz	ftp.sra.ebi.ac.uk/vol1/fastq/ERR572/ERR572271/ERR572271.fastq.gz	ftp.sra.ebi.ac.uk/vol1/ERA339/ERA339952/fastq/do2842_input_liver_unk_bosTau6Bos_taurusBull5_SAN01.fq.gz	Bull5
PRJEB6906	SAMEA2677882	ERS517773	ERX530991	ERR572272	ERA339952	10116	Rattus norvegicus	Illumina HiSeq 2000	SINGLE	ChIP-Seq	GENOMIC	29209632	E-MTAB-2633_rev:do2508_H3K4me3_liver_millipore_05-1339_rn5Rattus_norvegicusRat10_SAN01.fq.gz	ftp.sra.ebi.ac.uk/vol1/fastq/ERR572/ERR572272/ERR572272.fastq.gz	ftp.sra.ebi.ac.uk/vol1/ERA339/ERA339952/fastq/do2508_H3K4me3_liver_millipore_05-1339_rn5Rattus_norvegicusRat10_SAN01.fq.gz	Rat10
PRJEB6906	SAMEA2677870	ERS517761	ERX530972	ERR572273	ERA339952	9544	Macaca mulatta	Illumina HiSeq 2000	SINGLE	ChIP-Seq	GENOMIC	25118777	E-MTAB-2633_rev:do3153_input_liver_unk_rheMac2Macaca_mulattaSteed_SAN01.fq.gz	ftp.sra.ebi.ac.uk/vol1/fastq/ERR572/ERR572273/ERR572273.fastq.gz	ftp.sra.ebi.ac.uk/vol1/ERA339/ERA339952/fastq/do3153_input_liver_unk_rheMac2Macaca_mulattaSteed_SAN01.fq.gz	Steed
PRJEB6906	SAMEA2677856	ERS517747	ERX530953	ERR572274	ERA339952	37347	Tupaia belangeri	Illumina HiSeq 2000	SINGLE	ChIP-Seq	GENOMIC	37349073	E-MTAB-2633_rev:do2591_unk_liver_unk_tupBel1Tupaia_belangeriTreeShrew3_SAN01.fq.gz	ftp.sra.ebi.ac.uk/vol1/fastq/ERR572/ERR572274/ERR572274.fastq.gz	ftp.sra.ebi.ac.uk/vol1/ERA339/ERA339952/fastq/do2591_unk_liver_unk_tupBel1Tupaia_belangeriTreeShrew3_SAN01.fq.gz	TreeShrew3
PRJEB6906	SAMEA2677844	ERS517735	ERX531046	ERR572275	ERA339952	9615	Canis lupus familiaris	Illumina HiSeq 2000	SINGLE	ChIP-Seq	GENOMIC	31018526	E-MTAB-2633_rev:do2364_H3K27Ac_liver_ab4729_canFam2Dog7_SAN01.fq.gz	ftp.sra.ebi.ac.uk/vol1/fastq/ERR572/ERR572275/ERR572275.fastq.gz	ftp.sra.ebi.ac.uk/vol1/ERA339/ERA339952/fastq/do2364_H3K27Ac_liver_ab4729_canFam2Dog7_SAN01.fq.gz	Dog7
PRJEB6906	SAMEA2677858	ERS517749	ERX530926	ERR572276	ERA339952	10181	Heterocephalus glaber	Illumina HiSeq 2000	SINGLE	ChIP-Seq	GENOMIC	38709231	E-MTAB-2633_rev:do2054_H3K4me3_liver_millipore_05-1339_hetGla2Heterocephalus_glaberNMR6_merged.fq.gz	ftp.sra.ebi.ac.uk/vol1/fastq/ERR572/ERR572276/ERR572276.fastq.gz	ftp.sra.ebi.ac.uk/vol1/ERA339/ERA339952/fastq/do2054_H3K4me3_liver_millipore_05-1339_hetGla2Heterocephalus_glaberNMR6_merged.fq.gz	NMR6
PRJEB6906	SAMEA2677860	ERS517751	ERX531029	ERR572277	ERA339952	37347	Tupaia belangeri	Illumina HiSeq 2000	SINGLE	ChIP-Seq	GENOMIC	29196041	E-MTAB-2633_rev:do3038_H3K27Ac_liver_ab4729_tupBel1Tupaia_belangeriTreeShrew2_SAN01.fq.gz	ftp.sra.ebi.ac.uk/vol1/fastq/ERR572/ERR572277/ERR572277.fastq.gz	ftp.sra.ebi.ac.uk/vol1/ERA339/ERA339952/fastq/do3038_H3K27Ac_liver_ab4729_tupBel1Tupaia_belangeriTreeShrew2_SAN01.fq.gz	TreeShrew2
PRJEB6906	SAMEA2677897	ERS517788	ERX530999	ERR572278	ERA339952	13616	Monodelphis domestica	Illumina HiSeq 2000	SINGLE	ChIP-Seq	GENOMIC	26910572	E-MTAB-2633_rev:do2157_input_liver_unk_monDom5Monodelphis_domesticaOpossum13_SAN01.fq.gz	ftp.sra.ebi.ac.uk/vol1/fastq/ERR572/ERR572278/ERR572278.fastq.gz	ftp.sra.ebi.ac.uk/vol1/ERA339/ERA339952/fastq/do2157_input_liver_unk_monDom5Monodelphis_domesticaOpossum13_SAN01.fq.gz	Opossum13
PRJEB6906	SAMEA2677871	ERS517762	ERX530929	ERR572279	ERA339952	9483	Callithrix jacchus	Illumina HiSeq 2000	SINGLE	ChIP-Seq	GENOMIC	29473205	E-MTAB-2633_rev:do2490_H3K4me3_liver_millipore_05-1339_calJac3Callithrix_jacchusMarmoset4_SAN01.fq.gz	ftp.sra.ebi.ac.uk/vol1/fastq/ERR572/ERR572279/ERR572279.fastq.gz	ftp.sra.ebi.ac.uk/vol1/ERA339/ERA339952/fastq/do2490_H3K4me3_liver_millipore_05-1339_calJac3Callithrix_jacchusMarmoset4_SAN01.fq.gz	Marmoset4
PRJEB6906	SAMEA2677863	ERS517754	ERX531034	ERR572280	ERA339952	9483	Callithrix jacchus	Illumina HiSeq 2000	SINGLE	ChIP-Seq	GENOMIC	19668660	E-MTAB-2633_rev:do3147_H3K4me3_liver_05-1339_calJac3Callithrix_jacchusMarmoset5_SAN01.fq.gz	ftp.sra.ebi.ac.uk/vol1/fastq/ERR572/ERR572280/ERR572280.fastq.gz	ftp.sra.ebi.ac.uk/vol1/ERA339/ERA339952/fastq/do3147_H3K4me3_liver_05-1339_calJac3Callithrix_jacchusMarmoset5_SAN01.fq.gz	Marmoset5
PRJEB6906	SAMEA2677901	ERS517792	ERX531035	ERR572281	ERA339952	10141	Cavia porcellus	Illumina HiSeq 2000	SINGLE	ChIP-Seq	GENOMIC	20436013	E-MTAB-2633_rev:do3045_H3K27Ac_liver_ab4729_cavPor3Cavia_porcellusGuineaPig8_SAN01.fq.gz	ftp.sra.ebi.ac.uk/vol1/fastq/ERR572/ERR572281/ERR572281.fastq.gz	ftp.sra.ebi.ac.uk/vol1/ERA339/ERA339952/fastq/do3045_H3K27Ac_liver_ab4729_cavPor3Cavia_porcellusGuineaPig8_SAN01.fq.gz	GuineaPig8
PRJEB6906	SAMEA2677869	ERS517760	ERX530925	ERR572282	ERA339952	9615	Canis lupus familiaris	Illumina HiSeq 2000	SINGLE	ChIP-Seq	GENOMIC	27819694	E-MTAB-2633_rev:do2360_H3K27Ac_liver_ab4729_canFam2Dog6_SAN01.fq.gz	ftp.sra.ebi.ac.uk/vol1/fastq/ERR572/ERR572282/ERR572282.fastq.gz	ftp.sra.ebi.ac.uk/vol1/ERA339/ERA339952/fastq/do2360_H3K27Ac_liver_ab4729_canFam2Dog6_SAN01.fq.gz	Dog6
PRJEB6906	SAMEA2677868	ERS517759	ERX531061	ERR572283	ERA339952	9913	Bos taurus	Illumina HiSeq 2000	SINGLE	ChIP-Seq	GENOMIC	24063878	E-MTAB-2633_rev:do2841_input_liver_unk_bosTau6Bos_taurusBull4_SAN01.fq.gz	ftp.sra.ebi.ac.uk/vol1/fastq/ERR572/ERR572283/ERR572283.fastq.gz	ftp.sra.ebi.ac.uk/vol1/ERA339/ERA339952/fastq/do2841_input_liver_unk_bosTau6Bos_taurusBull4_SAN01.fq.gz	Bull4
PRJEB6906	SAMEA2677866	ERS517757	ERX530921	ERR572284	ERA339952	9606	Homo sapiens	Illumina HiSeq 2000	SINGLE	ChIP-Seq	GENOMIC	34809801	E-MTAB-2633_rev:do3306_H3K4me3_liver_millipore_05-1339_hg19Homo_sapiensCRI7_CRI01.fq.gz	ftp.sra.ebi.ac.uk/vol1/fastq/ERR572/ERR572284/ERR572284.fastq.gz	ftp.sra.ebi.ac.uk/vol1/ERA339/ERA339952/fastq/do3306_H3K4me3_liver_millipore_05-1339_hg19Homo_sapiensCRI7_CRI01.fq.gz	CRI7
PRJEB6906	SAMEA2677866	ERS517757	ERX531004	ERR572285	ERA339952	9606	Homo sapiens	Illumina HiSeq 2000	SINGLE	ChIP-Seq	GENOMIC	35671159	E-MTAB-2633_rev:do3310_H3K27Ac__liver_ab4729_hg19Homo_sapiensCRI7_CRI01.fq.gz	ftp.sra.ebi.ac.uk/vol1/fastq/ERR572/ERR572285/ERR572285.fastq.gz	ftp.sra.ebi.ac.uk/vol1/ERA339/ERA339952/fastq/do3310_H3K27Ac__liver_ab4729_hg19Homo_sapiensCRI7_CRI01.fq.gz	CRI7
PRJEB6906	SAMEA2677880	ERS517771	ERX531047	ERR572286	ERA339952	48745	Mesoplodon bidens	Illumina HiSeq 2000	SINGLE	ChIP-Seq	GENOMIC	22540646	E-MTAB-2633_rev:do2837_H3K4me3_liver_05-1339_turTru2Mesoplodon_bidensSW2012_327_SAN01.fq.gz	ftp.sra.ebi.ac.uk/vol1/fastq/ERR572/ERR572286/ERR572286.fastq.gz	ftp.sra.ebi.ac.uk/vol1/ERA339/ERA339952/fastq/do2837_H3K4me3_liver_05-1339_turTru2Mesoplodon_bidensSW2012_327_SAN01.fq.gz	SW2012/327
PRJEB6906	SAMEA2677861	ERS517752	ERX530916	ERR572287	ERA339952	9483	Callithrix jacchus	Illumina HiSeq 2000	SINGLE	ChIP-Seq	GENOMIC	38643466	E-MTAB-2633_rev:do2590_unk_liver_unk_calJac3Callithrix_jacchusMarmoset6_SAN01.fq.gz	ftp.sra.ebi.ac.uk/vol1/fastq/ERR572/ERR572287/ERR572287.fastq.gz	ftp.sra.ebi.ac.uk/vol1/ERA339/ERA339952/fastq/do2590_unk_liver_unk_calJac3Callithrix_jacchusMarmoset6_SAN01.fq.gz	Marmoset6
PRJEB6906	SAMEA2677892	ERS517783	ERX531066	ERR572288	ERA339952	9986	Oryctolagus cuniculus	Illumina HiSeq 2000	SINGLE	ChIP-Seq	GENOMIC	28370720	E-MTAB-2633_rev:do2420_Input_liver_unk_oryCun2Rabbit6_merged.fq.gz	ftp.sra.ebi.ac.uk/vol1/fastq/ERR572/ERR572288/ERR572288.fastq.gz	ftp.sra.ebi.ac.uk/vol1/ERA339/ERA339952/fastq/do2420_Input_liver_unk_oryCun2Rabbit6_merged.fq.gz	Rabbit6
PRJEB6906	SAMEA2677873	ERS517764	ERX530931	ERR572289	ERA339952	9913	Bos taurus	Illumina HiSeq 2000	SINGLE	ChIP-Seq	GENOMIC	23954961	E-MTAB-2633_rev:do2844_input_liver_unk_bosTau6Bos_taurusBull7_SAN01.fq.gz	ftp.sra.ebi.ac.uk/vol1/fastq/ERR572/ERR572289/ERR572289.fastq.gz	ftp.sra.ebi.ac.uk/vol1/ERA339/ERA339952/fastq/do2844_input_liver_unk_bosTau6Bos_taurusBull7_SAN01.fq.gz	Bull7
PRJEB6906	SAMEA2677870	ERS517761	ERX531008	ERR572290	ERA339952	9544	Macaca mulatta	Illumina HiSeq 2000	SINGLE	ChIP-Seq	GENOMIC	20660689	E-MTAB-2633_rev:do3132_H3K27Ac_liver_ab4729_rheMac2Macaca_mulattaSteed_SAN01.fq.gz	ftp.sra.ebi.ac.uk/vol1/fastq/ERR572/ERR572290/ERR572290.fastq.gz	ftp.sra.ebi.ac.uk/vol1/ERA339/ERA339952/fastq/do3132_H3K27Ac_liver_ab4729_rheMac2Macaca_mulattaSteed_SAN01.fq.gz	Steed
PRJEB6906	SAMEA2677890	ERS517781	ERX530980	ERR572291	ERA339952	10181	Heterocephalus glaber	Illumina HiSeq 2000	SINGLE	ChIP-Seq	GENOMIC	25177777	E-MTAB-2633_rev:do2145_input_liver_unk_hetGla2Heterocephalus_glaberNMR5_SAN01.fq.gz	ftp.sra.ebi.ac.uk/vol1/fastq/ERR572/ERR572291/ERR572291.fastq.gz	ftp.sra.ebi.ac.uk/vol1/ERA339/ERA339952/fastq/do2145_input_liver_unk_hetGla2Heterocephalus_glaberNMR5_SAN01.fq.gz	NMR5
PRJEB6906	SAMEA2677898	ERS517789	ERX531069	ERR572292	ERA339952	9823	Sus scrofa	Illumina HiSeq 2000	SINGLE	ChIP-Seq	GENOMIC	28552901	E-MTAB-2633_rev:do2093_H3K4me3_liver_millipore_05-1339_susScr2Sus_scrofaPig4_SAN01.fq.gz	ftp.sra.ebi.ac.uk/vol1/fastq/ERR572/ERR572292/ERR572292.fastq.gz	ftp.sra.ebi.ac.uk/vol1/ERA339/ERA339952/fastq/do2093_H3K4me3_liver_millipore_05-1339_susScr2Sus_scrofaPig4_SAN01.fq.gz	Pig4
PRJEB6906	SAMEA2677888	ERS517779	ERX531036	ERR572293	ERA339952	9669	Mustela putorius furo	Illumina HiSeq 2000	SINGLE	ChIP-Seq	GENOMIC	26173357	E-MTAB-2633_rev:do2489_H3K27Ac_liver_ab4729_musFur1Mustela_putorius_furoFerret3_SAN01.fq.gz	ftp.sra.ebi.ac.uk/vol1/fastq/ERR572/ERR572293/ERR572293.fastq.gz	ftp.sra.ebi.ac.uk/vol1/ERA339/ERA339952/fastq/do2489_H3K27Ac_liver_ab4729_musFur1Mustela_putorius_furoFerret3_SAN01.fq.gz	Ferret3
PRJEB6906	SAMEA2677898	ERS517789	ERX531057	ERR572294	ERA339952	9823	Sus scrofa	Illumina HiSeq 2000	SINGLE	ChIP-Seq	GENOMIC	28037490	E-MTAB-2633_rev:do2149_input_liver_unk_susScr2Sus_scrofaPig4_SAN01.fq.gz	ftp.sra.ebi.ac.uk/vol1/fastq/ERR572/ERR572294/ERR572294.fastq.gz	ftp.sra.ebi.ac.uk/vol1/ERA339/ERA339952/fastq/do2149_input_liver_unk_susScr2Sus_scrofaPig4_SAN01.fq.gz	Pig4
PRJEB6906	SAMEA2677867	ERS517758	ERX531017	ERR572295	ERA339952	9606	Homo sapiens	Illumina HiSeq 2000	SINGLE	ChIP-Seq	GENOMIC	30123630	E-MTAB-2633_rev:do3430_input_liver_unk_hg19Homo_sapiensCRI6_CRI01.fq.gz	ftp.sra.ebi.ac.uk/vol1/fastq/ERR572/ERR572295/ERR572295.fastq.gz	ftp.sra.ebi.ac.uk/vol1/ERA339/ERA339952/fastq/do3430_input_liver_unk_hg19Homo_sapiensCRI6_CRI01.fq.gz	CRI6
PRJEB6906	SAMEA2677894	ERS517785	ERX531064	ERR572296	ERA339952	9305	Sarcophilus harrisii	Illumina HiSeq 2000	SINGLE	ChIP-Seq	GENOMIC	16047916	E-MTAB-2633_rev:do2366_H3K4me3_liver_millipore_05-1339_sarHar1Mariah_SAN01.fq.gz	ftp.sra.ebi.ac.uk/vol1/fastq/ERR572/ERR572296/ERR572296.fastq.gz	ftp.sra.ebi.ac.uk/vol1/ERA339/ERA339952/fastq/do2366_H3K4me3_liver_millipore_05-1339_sarHar1Mariah_SAN01.fq.gz	Mariah
PRJEB6906	SAMEA2677862	ERS517753	ERX530966	ERR572297	ERA339952	13616	Monodelphis domestica	Illumina HiSeq 2000	SINGLE	ChIP-Seq	GENOMIC	27552795	E-MTAB-2633_rev:do2599_H3K27Ac_liver_ab4729_monDom5Monodelphis_domesticaOpossum12_SAN01.fq.gz	ftp.sra.ebi.ac.uk/vol1/fastq/ERR572/ERR572297/ERR572297.fastq.gz	ftp.sra.ebi.ac.uk/vol1/ERA339/ERA339952/fastq/do2599_H3K27Ac_liver_ab4729_monDom5Monodelphis_domesticaOpossum12_SAN01.fq.gz	Opossum12
PRJEB6906	SAMEA2677883	ERS517774	ERX530950	ERR572298	ERA339952	37347	Tupaia belangeri	Illumina HiSeq 2000	SINGLE	ChIP-Seq	GENOMIC	33836471	E-MTAB-2633_rev:do2051_H3K4me3_liver_millipore_05-1339_tupBel1Tupaia_belangeriTreeShrew4_SAN01.fq.gz	ftp.sra.ebi.ac.uk/vol1/fastq/ERR572/ERR572298/ERR572298.fastq.gz	ftp.sra.ebi.ac.uk/vol1/ERA339/ERA339952/fastq/do2051_H3K4me3_liver_millipore_05-1339_tupBel1Tupaia_belangeriTreeShrew4_SAN01.fq.gz	TreeShrew4
PRJEB6906	SAMEA2677844	ERS517735	ERX531055	ERR572299	ERA339952	9615	Canis lupus familiaris	Illumina HiSeq 2000	SINGLE	ChIP-Seq	GENOMIC	15483353	E-MTAB-2633_rev:do2362_H3K4me3_liver_millipore_05-1339_canFam2Dog7_SAN01.fq.gz	ftp.sra.ebi.ac.uk/vol1/fastq/ERR572/ERR572299/ERR572299.fastq.gz	ftp.sra.ebi.ac.uk/vol1/ERA339/ERA339952/fastq/do2362_H3K4me3_liver_millipore_05-1339_canFam2Dog7_SAN01.fq.gz	Dog7
