study_accession	sample_accession	secondary_sample_accession	experiment_accession	run_accession	submission_accession	tax_id	scientific_name	instrument_model	library_layout	library_strategy	library_source	read_count	run_alias	fastq_ftp	submitted_ftp	sample_title	mark	assembly	local_file
PRJEB6906	SAMEA2677868	ERS517759	ERX530941	ERR572199	ERA339952	9913	Bos taurus	Illumina HiSeq 2000	SINGLE	ChIP-Seq	GENOMIC	20880546	E-MTAB-2633_rev:do3124_H3K27Ac_liver_ab4729_bosTau6Bos_taurusBull4_SAN01.fq.gz	ftp.sra.ebi.ac.uk/vol1/fastq/ERR572/ERR572199/ERR572199.fastq.gz	ftp.sra.ebi.ac.uk/vol1/ERA339/ERA339952/fastq/do3124_H3K27Ac_liver_ab4729_bosTau6Bos_taurusBull4_SAN01.fq.gz	Bull4	H3K27ac	bosTau7	vl_bosTau7_ERX530941_se-b0_liver_H3K27ac.fastq.gz
PRJEB6906	SAMEA2677868	ERS517759	ERX530924	ERR572160	ERA339952	9913	Bos taurus	Illumina HiSeq 2000	SINGLE	ChIP-Seq	GENOMIC	20581050	E-MTAB-2633_rev:do2845_H3K4me3_liver_05-1339_bosTau6Bos_taurusBull4_SAN01.fq.gz	ftp.sra.ebi.ac.uk/vol1/fastq/ERR572/ERR572160/ERR572160.fastq.gz	ftp.sra.ebi.ac.uk/vol1/ERA339/ERA339952/fastq/do2845_H3K4me3_liver_05-1339_bosTau6Bos_taurusBull4_SAN01.fq.gz	Bull4	H3K4me3	bosTau7	vl_bosTau7_ERX530924_se-b0_liver_H3K4me3.fastq.gz
PRJEB6906	SAMEA2677868	ERS517759	ERX531061	ERR572283	ERA339952	9913	Bos taurus	Illumina HiSeq 2000	SINGLE	ChIP-Seq	GENOMIC	24063878	E-MTAB-2633_rev:do2841_input_liver_unk_bosTau6Bos_taurusBull4_SAN01.fq.gz	ftp.sra.ebi.ac.uk/vol1/fastq/ERR572/ERR572283/ERR572283.fastq.gz	ftp.sra.ebi.ac.uk/vol1/ERA339/ERA339952/fastq/do2841_input_liver_unk_bosTau6Bos_taurusBull4_SAN01.fq.gz	Bull4	Input	bosTau7	vl_bosTau7_ERX531061_se-b0_liver_Input.fastq.gz
PRJEB6906	SAMEA2677864	ERS517755	ERX530919	ERR572216	ERA339952	9913	Bos taurus	Illumina HiSeq 2000	SINGLE	ChIP-Seq	GENOMIC	21412041	E-MTAB-2633_rev:do3125_H3K27Ac_liver_ab4729_bosTau6Bos_taurusBull5_SAN01.fq.gz	ftp.sra.ebi.ac.uk/vol1/fastq/ERR572/ERR572216/ERR572216.fastq.gz	ftp.sra.ebi.ac.uk/vol1/ERA339/ERA339952/fastq/do3125_H3K27Ac_liver_ab4729_bosTau6Bos_taurusBull5_SAN01.fq.gz	Bull5	H3K27ac	bosTau7	vl_bosTau7_ERX530919_se-b1_liver_H3K27ac.fastq.gz
PRJEB6906	SAMEA2677864	ERS517755	ERX530955	ERR572137	ERA339952	9913	Bos taurus	Illumina HiSeq 2000	SINGLE	ChIP-Seq	GENOMIC	19739594	E-MTAB-2633_rev:do2846_H3K4me3_liver_05-1339_bosTau6Bos_taurusBull5_SAN01.fq.gz	ftp.sra.ebi.ac.uk/vol1/fastq/ERR572/ERR572137/ERR572137.fastq.gz	ftp.sra.ebi.ac.uk/vol1/ERA339/ERA339952/fastq/do2846_H3K4me3_liver_05-1339_bosTau6Bos_taurusBull5_SAN01.fq.gz	Bull5	H3K4me3	bosTau7	vl_bosTau7_ERX530955_se-b1_liver_H3K4me3.fastq.gz
PRJEB6906	SAMEA2677864	ERS517755	ERX530947	ERR572271	ERA339952	9913	Bos taurus	Illumina HiSeq 2000	SINGLE	ChIP-Seq	GENOMIC	22644297	E-MTAB-2633_rev:do2842_input_liver_unk_bosTau6Bos_taurusBull5_SAN01.fq.gz	ftp.sra.ebi.ac.uk/vol1/fastq/ERR572/ERR572271/ERR572271.fastq.gz	ftp.sra.ebi.ac.uk/vol1/ERA339/ERA339952/fastq/do2842_input_liver_unk_bosTau6Bos_taurusBull5_SAN01.fq.gz	Bull5	Input	bosTau7	vl_bosTau7_ERX530947_se-b1_liver_Input.fastq.gz
PRJEB6906	SAMEA2677896	ERS517787	ERX530996	ERR572236	ERA339952	9913	Bos taurus	Illumina HiSeq 2000	SINGLE	ChIP-Seq	GENOMIC	23020837	E-MTAB-2633_rev:do3126_H3K27Ac_liver_ab4729_bosTau6Bos_taurusBull6_SAN01.fq.gz	ftp.sra.ebi.ac.uk/vol1/fastq/ERR572/ERR572236/ERR572236.fastq.gz	ftp.sra.ebi.ac.uk/vol1/ERA339/ERA339952/fastq/do3126_H3K27Ac_liver_ab4729_bosTau6Bos_taurusBull6_SAN01.fq.gz	Bull6	H3K27ac	bosTau7	vl_bosTau7_ERX530996_se-b2_liver_H3K27ac.fastq.gz
PRJEB6906	SAMEA2677896	ERS517787	ERX531053	ERR572243	ERA339952	9913	Bos taurus	Illumina HiSeq 2000	SINGLE	ChIP-Seq	GENOMIC	20581085	E-MTAB-2633_rev:do3138_H3K4me3_liver_05-1339_bosTau6Bos_taurusBull6_SAN01.fq.gz	ftp.sra.ebi.ac.uk/vol1/fastq/ERR572/ERR572243/ERR572243.fastq.gz	ftp.sra.ebi.ac.uk/vol1/ERA339/ERA339952/fastq/do3138_H3K4me3_liver_05-1339_bosTau6Bos_taurusBull6_SAN01.fq.gz	Bull6	H3K4me3	bosTau7	vl_bosTau7_ERX531053_se-b2_liver_H3K4me3.fastq.gz
PRJEB6906	SAMEA2677896	ERS517787	ERX530994	ERR572132	ERA339952	9913	Bos taurus	Illumina HiSeq 2000	SINGLE	ChIP-Seq	GENOMIC	23177328	E-MTAB-2633_rev:do2843_input_liver_unk_bosTau6Bos_taurusBull6_SAN01.fq.gz	ftp.sra.ebi.ac.uk/vol1/fastq/ERR572/ERR572132/ERR572132.fastq.gz	ftp.sra.ebi.ac.uk/vol1/ERA339/ERA339952/fastq/do2843_input_liver_unk_bosTau6Bos_taurusBull6_SAN01.fq.gz	Bull6	Input	bosTau7	vl_bosTau7_ERX530994_se-b2_liver_Input.fastq.gz
PRJEB6906	SAMEA2677873	ERS517764	ERX530967	ERR572139	ERA339952	9913	Bos taurus	Illumina HiSeq 2000	SINGLE	ChIP-Seq	GENOMIC	21366962	E-MTAB-2633_rev:do3127_H3K27Ac_liver_ab4729_bosTau6Bos_taurusBull7_SAN01.fq.gz	ftp.sra.ebi.ac.uk/vol1/fastq/ERR572/ERR572139/ERR572139.fastq.gz	ftp.sra.ebi.ac.uk/vol1/ERA339/ERA339952/fastq/do3127_H3K27Ac_liver_ab4729_bosTau6Bos_taurusBull7_SAN01.fq.gz	Bull7	H3K27ac	bosTau7	vl_bosTau7_ERX530967_se-b3_liver_H3K27ac.fastq.gz
PRJEB6906	SAMEA2677873	ERS517764	ERX530949	ERR572180	ERA339952	9913	Bos taurus	Illumina HiSeq 2000	SINGLE	ChIP-Seq	GENOMIC	19856609	E-MTAB-2633_rev:do3139_H3K4me3_liver_05-1339_bosTau6Bos_taurusBull7_SAN01.fq.gz	ftp.sra.ebi.ac.uk/vol1/fastq/ERR572/ERR572180/ERR572180.fastq.gz	ftp.sra.ebi.ac.uk/vol1/ERA339/ERA339952/fastq/do3139_H3K4me3_liver_05-1339_bosTau6Bos_taurusBull7_SAN01.fq.gz	Bull7	H3K4me3	bosTau7	vl_bosTau7_ERX530949_se-b3_liver_H3K4me3.fastq.gz
PRJEB6906	SAMEA2677873	ERS517764	ERX530931	ERR572289	ERA339952	9913	Bos taurus	Illumina HiSeq 2000	SINGLE	ChIP-Seq	GENOMIC	23954961	E-MTAB-2633_rev:do2844_input_liver_unk_bosTau6Bos_taurusBull7_SAN01.fq.gz	ftp.sra.ebi.ac.uk/vol1/fastq/ERR572/ERR572289/ERR572289.fastq.gz	ftp.sra.ebi.ac.uk/vol1/ERA339/ERA339952/fastq/do2844_input_liver_unk_bosTau6Bos_taurusBull7_SAN01.fq.gz	Bull7	Input	bosTau7	vl_bosTau7_ERX530931_se-b3_liver_Input.fastq.gz
PRJEB6906	SAMEA2677853	ERS517744	ERX531044	ERR572253	ERA339952	9615	Canis lupus familiaris	Illumina HiSeq 2000	SINGLE	ChIP-Seq	GENOMIC	26512491	E-MTAB-2633_rev:do2356_H3K27Ac_liver_ab4729_canFam2Dog5_SAN01.fq.gz	ftp.sra.ebi.ac.uk/vol1/fastq/ERR572/ERR572253/ERR572253.fastq.gz	ftp.sra.ebi.ac.uk/vol1/ERA339/ERA339952/fastq/do2356_H3K27Ac_liver_ab4729_canFam2Dog5_SAN01.fq.gz	Dog5	H3K27ac	canFam3	vl_canFam3_ERX531044_se-b0_liver_H3K27ac.fastq.gz
PRJEB6906	SAMEA2677853	ERS517744	ERX530907	ERR572260	ERA339952	9615	Canis lupus familiaris	Illumina HiSeq 2000	SINGLE	ChIP-Seq	GENOMIC	18323593	E-MTAB-2633_rev:do2354_H3K4me3_liver_millipore_05-1339_canFam2Dog5_SAN01.fq.gz	ftp.sra.ebi.ac.uk/vol1/fastq/ERR572/ERR572260/ERR572260.fastq.gz	ftp.sra.ebi.ac.uk/vol1/ERA339/ERA339952/fastq/do2354_H3K4me3_liver_millipore_05-1339_canFam2Dog5_SAN01.fq.gz	Dog5	H3K4me3	canFam3	vl_canFam3_ERX530907_se-b0_liver_H3K4me3.fastq.gz
PRJEB6906	SAMEA2677853	ERS517744	ERX530944	ERR572259	ERA339952	9615	Canis lupus familiaris	Illumina HiSeq 2000	SINGLE	ChIP-Seq	GENOMIC	31155695	E-MTAB-2633_rev:do2592_unk_liver_unk_canFam2Canis_familiarisDog5_SAN01.fq.gz	ftp.sra.ebi.ac.uk/vol1/fastq/ERR572/ERR572259/ERR572259.fastq.gz	ftp.sra.ebi.ac.uk/vol1/ERA339/ERA339952/fastq/do2592_unk_liver_unk_canFam2Canis_familiarisDog5_SAN01.fq.gz	Dog5	Input	canFam3	vl_canFam3_ERX530944_se-b0_liver_Input.fastq.gz
PRJEB6906	SAMEA2677869	ERS517760	ERX530925	ERR572282	ERA339952	9615	Canis lupus familiaris	Illumina HiSeq 2000	SINGLE	ChIP-Seq	GENOMIC	27819694	E-MTAB-2633_rev:do2360_H3K27Ac_liver_ab4729_canFam2Dog6_SAN01.fq.gz	ftp.sra.ebi.ac.uk/vol1/fastq/ERR572/ERR572282/ERR572282.fastq.gz	ftp.sra.ebi.ac.uk/vol1/ERA339/ERA339952/fastq/do2360_H3K27Ac_liver_ab4729_canFam2Dog6_SAN01.fq.gz	Dog6	H3K27ac	canFam3	vl_canFam3_ERX530925_se-b1_liver_H3K27ac.fastq.gz
PRJEB6906	SAMEA2677869	ERS517760	ERX531013	ERR572190	ERA339952	9615	Canis lupus familiaris	Illumina HiSeq 2000	SINGLE	ChIP-Seq	GENOMIC	18095949	E-MTAB-2633_rev:do2358_H3K4me3_liver_millipore_05-1339_canFam2Dog6_SAN01.fq.gz	ftp.sra.ebi.ac.uk/vol1/fastq/ERR572/ERR572190/ERR572190.fastq.gz	ftp.sra.ebi.ac.uk/vol1/ERA339/ERA339952/fastq/do2358_H3K4me3_liver_millipore_05-1339_canFam2Dog6_SAN01.fq.gz	Dog6	H3K4me3	canFam3	vl_canFam3_ERX531013_se-b1_liver_H3K4me3.fastq.gz
PRJEB6906	SAMEA2677869	ERS517760	ERX530990	ERR572207	ERA339952	9615	Canis lupus familiaris	Illumina HiSeq 2000	SINGLE	ChIP-Seq	GENOMIC	20612516	E-MTAB-2633_rev:do2421_Input_liver_unk_canFam2Dog6_SAN01.fq.gz	ftp.sra.ebi.ac.uk/vol1/fastq/ERR572/ERR572207/ERR572207.fastq.gz	ftp.sra.ebi.ac.uk/vol1/ERA339/ERA339952/fastq/do2421_Input_liver_unk_canFam2Dog6_SAN01.fq.gz	Dog6	Input	canFam3	vl_canFam3_ERX530990_se-b1_liver_Input.fastq.gz
PRJEB6906	SAMEA2677844	ERS517735	ERX531046	ERR572275	ERA339952	9615	Canis lupus familiaris	Illumina HiSeq 2000	SINGLE	ChIP-Seq	GENOMIC	31018526	E-MTAB-2633_rev:do2364_H3K27Ac_liver_ab4729_canFam2Dog7_SAN01.fq.gz	ftp.sra.ebi.ac.uk/vol1/fastq/ERR572/ERR572275/ERR572275.fastq.gz	ftp.sra.ebi.ac.uk/vol1/ERA339/ERA339952/fastq/do2364_H3K27Ac_liver_ab4729_canFam2Dog7_SAN01.fq.gz	Dog7	H3K27ac	canFam3	vl_canFam3_ERX531046_se-b2_liver_H3K27ac.fastq.gz
PRJEB6906	SAMEA2677844	ERS517735	ERX531055	ERR572299	ERA339952	9615	Canis lupus familiaris	Illumina HiSeq 2000	SINGLE	ChIP-Seq	GENOMIC	15483353	E-MTAB-2633_rev:do2362_H3K4me3_liver_millipore_05-1339_canFam2Dog7_SAN01.fq.gz	ftp.sra.ebi.ac.uk/vol1/fastq/ERR572/ERR572299/ERR572299.fastq.gz	ftp.sra.ebi.ac.uk/vol1/ERA339/ERA339952/fastq/do2362_H3K4me3_liver_millipore_05-1339_canFam2Dog7_SAN01.fq.gz	Dog7	H3K4me3	canFam3	vl_canFam3_ERX531055_se-b2_liver_H3K4me3.fastq.gz
PRJEB6906	SAMEA2677844	ERS517735	ERX530897	ERR572210	ERA339952	9615	Canis lupus familiaris	Illumina HiSeq 2000	SINGLE	ChIP-Seq	GENOMIC	23055194	E-MTAB-2633_rev:do2425_Input_liver_unk_canFam2Dog7_SAN01.fq.gz	ftp.sra.ebi.ac.uk/vol1/fastq/ERR572/ERR572210/ERR572210.fastq.gz	ftp.sra.ebi.ac.uk/vol1/ERA339/ERA339952/fastq/do2425_Input_liver_unk_canFam2Dog7_SAN01.fq.gz	Dog7	Input	canFam3	vl_canFam3_ERX530897_se-b2_liver_Input.fastq.gz
PRJEB6906	SAMEA2677847	ERS517738	ERX531041	ERR572257	ERA339952	9685	Felis catus	Illumina HiSeq 2000	SINGLE	ChIP-Seq	GENOMIC	20664124	E-MTAB-2633_rev:do3047_H3K27Ac_liver_ab4729_felCat5Felis_catusCat1_SAN01.fq.gz	ftp.sra.ebi.ac.uk/vol1/fastq/ERR572/ERR572257/ERR572257.fastq.gz	ftp.sra.ebi.ac.uk/vol1/ERA339/ERA339952/fastq/do3047_H3K27Ac_liver_ab4729_felCat5Felis_catusCat1_SAN01.fq.gz	Cat1	H3K27ac	felCat5	vl_felCat5_ERX531041_se-b0_liver_H3K27ac.fastq.gz
PRJEB6906	SAMEA2677847	ERS517738	ERX530900	ERR572163	ERA339952	9685	Felis catus	Illumina HiSeq 2000	SINGLE	ChIP-Seq	GENOMIC	19778675	E-MTAB-2633_rev:do2834_H3K4me3_liver_05-1339_felCat5Felis_catusCat1_SAN01.fq.gz	ftp.sra.ebi.ac.uk/vol1/fastq/ERR572/ERR572163/ERR572163.fastq.gz	ftp.sra.ebi.ac.uk/vol1/ERA339/ERA339952/fastq/do2834_H3K4me3_liver_05-1339_felCat5Felis_catusCat1_SAN01.fq.gz	Cat1	H3K4me3	felCat5	vl_felCat5_ERX530900_se-b0_liver_H3K4me3.fastq.gz
PRJEB6906	SAMEA2677847	ERS517738	ERX530961	ERR572235	ERA339952	9685	Felis catus	Illumina HiSeq 2000	SINGLE	ChIP-Seq	GENOMIC	20148966	E-MTAB-2633_rev:do2413_Input_liver_unk_felCat5Cat1_SAN01.fq.gz	ftp.sra.ebi.ac.uk/vol1/fastq/ERR572/ERR572235/ERR572235.fastq.gz	ftp.sra.ebi.ac.uk/vol1/ERA339/ERA339952/fastq/do2413_Input_liver_unk_felCat5Cat1_SAN01.fq.gz	Cat1	Input	felCat5	vl_felCat5_ERX530961_se-b0_liver_Input.fastq.gz
PRJEB6906	SAMEA2677884	ERS517775	ERX530957	ERR572171	ERA339952	9685	Felis catus	Illumina HiSeq 2000	SINGLE	ChIP-Seq	GENOMIC	20353385	E-MTAB-2633_rev:do3048_H3K27Ac_liver_ab4729_felCat5Felis_catusCat2_SAN01.fq.gz	ftp.sra.ebi.ac.uk/vol1/fastq/ERR572/ERR572171/ERR572171.fastq.gz	ftp.sra.ebi.ac.uk/vol1/ERA339/ERA339952/fastq/do3048_H3K27Ac_liver_ab4729_felCat5Felis_catusCat2_SAN01.fq.gz	Cat2	H3K27ac	felCat5	vl_felCat5_ERX530957_se-b1_liver_H3K27ac.fastq.gz
PRJEB6906	SAMEA2677884	ERS517775	ERX530963	ERR572244	ERA339952	9685	Felis catus	Illumina HiSeq 2000	SINGLE	ChIP-Seq	GENOMIC	17964913	E-MTAB-2633_rev:do2835_H3K4me3_liver_05-1339_felCat5Felis_catusCat2_SAN01.fq.gz	ftp.sra.ebi.ac.uk/vol1/fastq/ERR572/ERR572244/ERR572244.fastq.gz	ftp.sra.ebi.ac.uk/vol1/ERA339/ERA339952/fastq/do2835_H3K4me3_liver_05-1339_felCat5Felis_catusCat2_SAN01.fq.gz	Cat2	H3K4me3	felCat5	vl_felCat5_ERX530963_se-b1_liver_H3K4me3.fastq.gz
PRJEB6906	SAMEA2677884	ERS517775	ERX530992	ERR572152	ERA339952	9685	Felis catus	Illumina HiSeq 2000	SINGLE	ChIP-Seq	GENOMIC	19239313	E-MTAB-2633_rev:do2417_Input_liver_unk_felCat5Cat2_SAN01.fq.gz	ftp.sra.ebi.ac.uk/vol1/fastq/ERR572/ERR572152/ERR572152.fastq.gz	ftp.sra.ebi.ac.uk/vol1/ERA339/ERA339952/fastq/do2417_Input_liver_unk_felCat5Cat2_SAN01.fq.gz	Cat2	Input	felCat5	vl_felCat5_ERX530992_se-b1_liver_Input.fastq.gz
PRJEB6906	SAMEA2677850	ERS517741	ERX531045	ERR572148	ERA339952	9606	Homo sapiens	Illumina HiSeq 2000	SINGLE	ChIP-Seq	GENOMIC	41830667	E-MTAB-2633_rev:do3308_H3K27Ac__liver_ab4729_hg19Homo_sapiensCRI3_CRI01.fq.gz	ftp.sra.ebi.ac.uk/vol1/fastq/ERR572/ERR572148/ERR572148.fastq.gz	ftp.sra.ebi.ac.uk/vol1/ERA339/ERA339952/fastq/do3308_H3K27Ac__liver_ab4729_hg19Homo_sapiensCRI3_CRI01.fq.gz	CRI3	H3K27ac	hg19	vl_hg19_ERX531045_se-b0_liver_H3K27ac.fastq.gz
PRJEB6906	SAMEA2677850	ERS517741	ERX530904	ERR572159	ERA339952	9606	Homo sapiens	Illumina HiSeq 2000	SINGLE	ChIP-Seq	GENOMIC	50278972	E-MTAB-2633_rev:do3304_H3K4me3_liver_millipore_05-1339_hg19Homo_sapiensCRI3_CRI01.fq.gz	ftp.sra.ebi.ac.uk/vol1/fastq/ERR572/ERR572159/ERR572159.fastq.gz	ftp.sra.ebi.ac.uk/vol1/ERA339/ERA339952/fastq/do3304_H3K4me3_liver_millipore_05-1339_hg19Homo_sapiensCRI3_CRI01.fq.gz	CRI3	H3K4me3	hg19	vl_hg19_ERX530904_se-b0_liver_H3K4me3.fastq.gz
PRJEB6906	SAMEA2677850	ERS517741	ERX530946	ERR572219	ERA339952	9606	Homo sapiens	Illumina HiSeq 2000	SINGLE	ChIP-Seq	GENOMIC	22537296	E-MTAB-2633_rev:do3429_input_liver_unk_hg19Homo_sapiensCRI3_CRI01.fq.gz	ftp.sra.ebi.ac.uk/vol1/fastq/ERR572/ERR572219/ERR572219.fastq.gz	ftp.sra.ebi.ac.uk/vol1/ERA339/ERA339952/fastq/do3429_input_liver_unk_hg19Homo_sapiensCRI3_CRI01.fq.gz	CRI3	Input	hg19	vl_hg19_ERX530946_se-b0_liver_Input.fastq.gz
PRJEB6906	SAMEA2677867	ERS517758	ERX530922	ERR572241	ERA339952	9606	Homo sapiens	Illumina HiSeq 2000	SINGLE	ChIP-Seq	GENOMIC	52727599	E-MTAB-2633_rev:do3309_H3K27Ac__liver_ab4729_hg19Homo_sapiensCRI6_CRI01.fq.gz	ftp.sra.ebi.ac.uk/vol1/fastq/ERR572/ERR572241/ERR572241.fastq.gz	ftp.sra.ebi.ac.uk/vol1/ERA339/ERA339952/fastq/do3309_H3K27Ac__liver_ab4729_hg19Homo_sapiensCRI6_CRI01.fq.gz	CRI6	H3K27ac	hg19	vl_hg19_ERX530922_se-b1_liver_H3K27ac.fastq.gz
PRJEB6906	SAMEA2677867	ERS517758	ERX530993	ERR572248	ERA339952	9606	Homo sapiens	Illumina HiSeq 2000	SINGLE	ChIP-Seq	GENOMIC	33084450	E-MTAB-2633_rev:do3305_H3K4me3_liver_millipore_05-1339_hg19Homo_sapiensCRI6_CRI01.fq.gz	ftp.sra.ebi.ac.uk/vol1/fastq/ERR572/ERR572248/ERR572248.fastq.gz	ftp.sra.ebi.ac.uk/vol1/ERA339/ERA339952/fastq/do3305_H3K4me3_liver_millipore_05-1339_hg19Homo_sapiensCRI6_CRI01.fq.gz	CRI6	H3K4me3	hg19	vl_hg19_ERX530993_se-b1_liver_H3K4me3.fastq.gz
PRJEB6906	SAMEA2677867	ERS517758	ERX531017	ERR572295	ERA339952	9606	Homo sapiens	Illumina HiSeq 2000	SINGLE	ChIP-Seq	GENOMIC	30123630	E-MTAB-2633_rev:do3430_input_liver_unk_hg19Homo_sapiensCRI6_CRI01.fq.gz	ftp.sra.ebi.ac.uk/vol1/fastq/ERR572/ERR572295/ERR572295.fastq.gz	ftp.sra.ebi.ac.uk/vol1/ERA339/ERA339952/fastq/do3430_input_liver_unk_hg19Homo_sapiensCRI6_CRI01.fq.gz	CRI6	Input	hg19	vl_hg19_ERX531017_se-b1_liver_Input.fastq.gz
PRJEB6906	SAMEA2677866	ERS517757	ERX531004	ERR572285	ERA339952	9606	Homo sapiens	Illumina HiSeq 2000	SINGLE	ChIP-Seq	GENOMIC	35671159	E-MTAB-2633_rev:do3310_H3K27Ac__liver_ab4729_hg19Homo_sapiensCRI7_CRI01.fq.gz	ftp.sra.ebi.ac.uk/vol1/fastq/ERR572/ERR572285/ERR572285.fastq.gz	ftp.sra.ebi.ac.uk/vol1/ERA339/ERA339952/fastq/do3310_H3K27Ac__liver_ab4729_hg19Homo_sapiensCRI7_CRI01.fq.gz	CRI7	H3K27ac	hg19	vl_hg19_ERX531004_se-b2_liver_H3K27ac.fastq.gz
PRJEB6906	SAMEA2677866	ERS517757	ERX530921	ERR572284	ERA339952	9606	Homo sapiens	Illumina HiSeq 2000	SINGLE	ChIP-Seq	GENOMIC	34809801	E-MTAB-2633_rev:do3306_H3K4me3_liver_millipore_05-1339_hg19Homo_sapiensCRI7_CRI01.fq.gz	ftp.sra.ebi.ac.uk/vol1/fastq/ERR572/ERR572284/ERR572284.fastq.gz	ftp.sra.ebi.ac.uk/vol1/ERA339/ERA339952/fastq/do3306_H3K4me3_liver_millipore_05-1339_hg19Homo_sapiensCRI7_CRI01.fq.gz	CRI7	H3K4me3	hg19	vl_hg19_ERX530921_se-b2_liver_H3K4me3.fastq.gz
PRJEB6906	SAMEA2677866	ERS517757	ERX530932	ERR572249	ERA339952	9606	Homo sapiens	Illumina HiSeq 2000	SINGLE	ChIP-Seq	GENOMIC	28491527	E-MTAB-2633_rev:do3431_input_liver_unk_hg19Homo_sapiensCRI7_CRI01.fq.gz	ftp.sra.ebi.ac.uk/vol1/fastq/ERR572/ERR572249/ERR572249.fastq.gz	ftp.sra.ebi.ac.uk/vol1/ERA339/ERA339952/fastq/do3431_input_liver_unk_hg19Homo_sapiensCRI7_CRI01.fq.gz	CRI7	Input	hg19	vl_hg19_ERX530932_se-b2_liver_Input.fastq.gz
PRJEB6906	SAMEA2677889	ERS517780	ERX530973	ERR572151	ERA339952	9606	Homo sapiens	Illumina HiSeq 2000	SINGLE	ChIP-Seq	GENOMIC	35236589	E-MTAB-2633_rev:do3311_H3K27Ac__liver_ab4729_hg19Homo_sapiensCRI8_CRI01.fq.gz	ftp.sra.ebi.ac.uk/vol1/fastq/ERR572/ERR572151/ERR572151.fastq.gz	ftp.sra.ebi.ac.uk/vol1/ERA339/ERA339952/fastq/do3311_H3K27Ac__liver_ab4729_hg19Homo_sapiensCRI8_CRI01.fq.gz	CRI8	H3K27ac	hg19	vl_hg19_ERX530973_se-b3_liver_H3K27ac.fastq.gz
PRJEB6906	SAMEA2677889	ERS517780	ERX531021	ERR572270	ERA339952	9606	Homo sapiens	Illumina HiSeq 2000	SINGLE	ChIP-Seq	GENOMIC	56764859	E-MTAB-2633_rev:do3307_H3K4me3_liver_millipore_05-1339_hg19Homo_sapiensCRI8_CRI01.fq.gz	ftp.sra.ebi.ac.uk/vol1/fastq/ERR572/ERR572270/ERR572270.fastq.gz	ftp.sra.ebi.ac.uk/vol1/ERA339/ERA339952/fastq/do3307_H3K4me3_liver_millipore_05-1339_hg19Homo_sapiensCRI8_CRI01.fq.gz	CRI8	H3K4me3	hg19	vl_hg19_ERX531021_se-b3_liver_H3K4me3.fastq.gz
PRJEB6906	SAMEA2677889	ERS517780	ERX531010	ERR572195	ERA339952	9606	Homo sapiens	Illumina HiSeq 2000	SINGLE	ChIP-Seq	GENOMIC	29339810	E-MTAB-2633_rev:do3432_input_liver_unk_hg19Homo_sapiensCRI8_CRI01.fq.gz	ftp.sra.ebi.ac.uk/vol1/fastq/ERR572/ERR572195/ERR572195.fastq.gz	ftp.sra.ebi.ac.uk/vol1/ERA339/ERA339952/fastq/do3432_input_liver_unk_hg19Homo_sapiensCRI8_CRI01.fq.gz	CRI8	Input	hg19	vl_hg19_ERX531010_se-b3_liver_Input.fastq.gz
PRJEB6906	SAMEA2677859	ERS517750	ERX530913	ERR572150	ERA339952	9544	Macaca mulatta	Illumina HiSeq 2000	SINGLE	ChIP-Seq	GENOMIC	44326673	E-MTAB-2633_rev:do2691_H3K27Ac_liver_ab4729_rheMac2macaqueBlues_merged.fq.gz	ftp.sra.ebi.ac.uk/vol1/fastq/ERR572/ERR572150/ERR572150.fastq.gz	ftp.sra.ebi.ac.uk/vol1/ERA339/ERA339952/fastq/do2691_H3K27Ac_liver_ab4729_rheMac2macaqueBlues_merged.fq.gz	Blues	H3K27ac	rheMac2	vl_rheMac2_ERX530913_se-b0_liver_H3K27ac.fastq.gz
PRJEB6906	SAMEA2677859	ERS517750	ERX530964	ERR572245	ERA339952	9544	Macaca mulatta	Illumina HiSeq 2000	SINGLE	ChIP-Seq	GENOMIC	12118268	E-MTAB-2633_rev:do2045_H3K4me3_liver_millipore_05-1339_rheMac2Macaca_mulattaBlues_SAN01.fq.gz	ftp.sra.ebi.ac.uk/vol1/fastq/ERR572/ERR572245/ERR572245.fastq.gz	ftp.sra.ebi.ac.uk/vol1/ERA339/ERA339952/fastq/do2045_H3K4me3_liver_millipore_05-1339_rheMac2Macaca_mulattaBlues_SAN01.fq.gz	Blues	H3K4me3	rheMac2	vl_rheMac2_ERX530964_se-b0_liver_H3K4me3.fastq.gz
PRJEB6906	SAMEA2677859	ERS517750	ERX530989	ERR572246	ERA339952	9544	Macaca mulatta	Illumina HiSeq 2000	SINGLE	ChIP-Seq	GENOMIC	27668373	E-MTAB-2633_rev:do2137_input_liver_unk_rheMac2Macaca_mulattaBlues_SAN01.fq.gz	ftp.sra.ebi.ac.uk/vol1/fastq/ERR572/ERR572246/ERR572246.fastq.gz	ftp.sra.ebi.ac.uk/vol1/ERA339/ERA339952/fastq/do2137_input_liver_unk_rheMac2Macaca_mulattaBlues_SAN01.fq.gz	Blues	Input	rheMac2	vl_rheMac2_ERX530989_se-b0_liver_Input.fastq.gz
PRJEB6906	SAMEA2677865	ERS517756	ERX531001	ERR572211	ERA339952	9544	Macaca mulatta	Illumina HiSeq 2000	SINGLE	ChIP-Seq	GENOMIC	43222532	E-MTAB-2633_rev:do2690_H3K27Ac_liver_ab4729_rheMac2macaqueDiesel_merged.fq.gz	ftp.sra.ebi.ac.uk/vol1/fastq/ERR572/ERR572211/ERR572211.fastq.gz	ftp.sra.ebi.ac.uk/vol1/ERA339/ERA339952/fastq/do2690_H3K27Ac_liver_ab4729_rheMac2macaqueDiesel_merged.fq.gz	Diesel	H3K27ac	rheMac2	vl_rheMac2_ERX531001_se-b1_liver_H3K27ac.fastq.gz
PRJEB6906	SAMEA2677865	ERS517756	ERX531030	ERR572234	ERA339952	9544	Macaca mulatta	Illumina HiSeq 2000	SINGLE	ChIP-Seq	GENOMIC	26087358	E-MTAB-2633_rev:do2043_H3K4me3_liver_millipore_05-1339_rheMac2Macaca_mulattaDiesel_SAN01.fq.gz	ftp.sra.ebi.ac.uk/vol1/fastq/ERR572/ERR572234/ERR572234.fastq.gz	ftp.sra.ebi.ac.uk/vol1/ERA339/ERA339952/fastq/do2043_H3K4me3_liver_millipore_05-1339_rheMac2Macaca_mulattaDiesel_SAN01.fq.gz	Diesel	H3K4me3	rheMac2	vl_rheMac2_ERX531030_se-b1_liver_H3K4me3.fastq.gz
PRJEB6906	SAMEA2677865	ERS517756	ERX530920	ERR572142	ERA339952	9544	Macaca mulatta	Illumina HiSeq 2000	SINGLE	ChIP-Seq	GENOMIC	22988584	E-MTAB-2633_rev:do2135_input_liver_unk_rheMac2Macaca_mulattaDiesel_SAN01.fq.gz	ftp.sra.ebi.ac.uk/vol1/fastq/ERR572/ERR572142/ERR572142.fastq.gz	ftp.sra.ebi.ac.uk/vol1/ERA339/ERA339952/fastq/do2135_input_liver_unk_rheMac2Macaca_mulattaDiesel_SAN01.fq.gz	Diesel	Input	rheMac2	vl_rheMac2_ERX530920_se-b1_liver_Input.fastq.gz
PRJEB6906	SAMEA2677846	ERS517737	ERX531065	ERR572155	ERA339952	9544	Macaca mulatta	Illumina HiSeq 2000	SINGLE	ChIP-Seq	GENOMIC	20242635	E-MTAB-2633_rev:do3133_H3K27Ac_liver_ab4729_rheMac2Macaca_mulattaLachs_SAN01.fq.gz	ftp.sra.ebi.ac.uk/vol1/fastq/ERR572/ERR572155/ERR572155.fastq.gz	ftp.sra.ebi.ac.uk/vol1/ERA339/ERA339952/fastq/do3133_H3K27Ac_liver_ab4729_rheMac2Macaca_mulattaLachs_SAN01.fq.gz	Lachs	H3K27ac	rheMac2	vl_rheMac2_ERX531065_se-b2_liver_H3K27ac.fastq.gz
PRJEB6906	SAMEA2677846	ERS517737	ERX530899	ERR572255	ERA339952	9544	Macaca mulatta	Illumina HiSeq 2000	SINGLE	ChIP-Seq	GENOMIC	19678450	E-MTAB-2633_rev:do3146_H3K4me3_liver_05-1339_rheMac2Macaca_mulattaLachs_SAN01.fq.gz	ftp.sra.ebi.ac.uk/vol1/fastq/ERR572/ERR572255/ERR572255.fastq.gz	ftp.sra.ebi.ac.uk/vol1/ERA339/ERA339952/fastq/do3146_H3K4me3_liver_05-1339_rheMac2Macaca_mulattaLachs_SAN01.fq.gz	Lachs	H3K4me3	rheMac2	vl_rheMac2_ERX530899_se-b2_liver_H3K4me3.fastq.gz
PRJEB6906	SAMEA2677846	ERS517737	ERX530956	ERR572242	ERA339952	9544	Macaca mulatta	Illumina HiSeq 2000	SINGLE	ChIP-Seq	GENOMIC	25604436	E-MTAB-2633_rev:do3152_input_liver_unk_rheMac2Macaca_mulattaLachs_SAN01.fq.gz	ftp.sra.ebi.ac.uk/vol1/fastq/ERR572/ERR572242/ERR572242.fastq.gz	ftp.sra.ebi.ac.uk/vol1/ERA339/ERA339952/fastq/do3152_input_liver_unk_rheMac2Macaca_mulattaLachs_SAN01.fq.gz	Lachs	Input	rheMac2	vl_rheMac2_ERX530956_se-b2_liver_Input.fastq.gz
PRJEB6906	SAMEA2677870	ERS517761	ERX531008	ERR572290	ERA339952	9544	Macaca mulatta	Illumina HiSeq 2000	SINGLE	ChIP-Seq	GENOMIC	20660689	E-MTAB-2633_rev:do3132_H3K27Ac_liver_ab4729_rheMac2Macaca_mulattaSteed_SAN01.fq.gz	ftp.sra.ebi.ac.uk/vol1/fastq/ERR572/ERR572290/ERR572290.fastq.gz	ftp.sra.ebi.ac.uk/vol1/ERA339/ERA339952/fastq/do3132_H3K27Ac_liver_ab4729_rheMac2Macaca_mulattaSteed_SAN01.fq.gz	Steed	H3K27ac	rheMac2	vl_rheMac2_ERX531008_se-b3_liver_H3K27ac.fastq.gz
PRJEB6906	SAMEA2677870	ERS517761	ERX530928	ERR572239	ERA339952	9544	Macaca mulatta	Illumina HiSeq 2000	SINGLE	ChIP-Seq	GENOMIC	19316945	E-MTAB-2633_rev:do3145_H3K4me3_liver_05-1339_rheMac2Macaca_mulattaSteed_SAN01.fq.gz	ftp.sra.ebi.ac.uk/vol1/fastq/ERR572/ERR572239/ERR572239.fastq.gz	ftp.sra.ebi.ac.uk/vol1/ERA339/ERA339952/fastq/do3145_H3K4me3_liver_05-1339_rheMac2Macaca_mulattaSteed_SAN01.fq.gz	Steed	H3K4me3	rheMac2	vl_rheMac2_ERX530928_se-b3_liver_H3K4me3.fastq.gz
PRJEB6906	SAMEA2677870	ERS517761	ERX530972	ERR572273	ERA339952	9544	Macaca mulatta	Illumina HiSeq 2000	SINGLE	ChIP-Seq	GENOMIC	25118777	E-MTAB-2633_rev:do3153_input_liver_unk_rheMac2Macaca_mulattaSteed_SAN01.fq.gz	ftp.sra.ebi.ac.uk/vol1/fastq/ERR572/ERR572273/ERR572273.fastq.gz	ftp.sra.ebi.ac.uk/vol1/ERA339/ERA339952/fastq/do3153_input_liver_unk_rheMac2Macaca_mulattaSteed_SAN01.fq.gz	Steed	Input	rheMac2	vl_rheMac2_ERX530972_se-b3_liver_Input.fastq.gz
PRJEB6906	SAMEA2677886	ERS517777	ERX531059	ERR572161	ERA339952	13616	Monodelphis domestica	Illumina HiSeq 2000	SINGLE	ChIP-Seq	GENOMIC	27508467	E-MTAB-2633_rev:do2598_H3K27Ac_liver_ab4729_monDom5Monodelphis_domesticaOpossum11_SAN01.fq.gz	ftp.sra.ebi.ac.uk/vol1/fastq/ERR572/ERR572161/ERR572161.fastq.gz	ftp.sra.ebi.ac.uk/vol1/ERA339/ERA339952/fastq/do2598_H3K27Ac_liver_ab4729_monDom5Monodelphis_domesticaOpossum11_SAN01.fq.gz	Opossum11	H3K27ac	monDom5	vl_monDom5_ERX531059_se-b0_liver_H3K27ac.fastq.gz
PRJEB6906	SAMEA2677886	ERS517777	ERX531056	ERR572165	ERA339952	13616	Monodelphis domestica	Illumina HiSeq 2000	SINGLE	ChIP-Seq	GENOMIC	30940157	E-MTAB-2633_rev:do2099_H3K4me3_liver_millipore_05-1339_monDom5Monodelphis_domesticaOpossum11_merged.fq.gz	ftp.sra.ebi.ac.uk/vol1/fastq/ERR572/ERR572165/ERR572165.fastq.gz	ftp.sra.ebi.ac.uk/vol1/ERA339/ERA339952/fastq/do2099_H3K4me3_liver_millipore_05-1339_monDom5Monodelphis_domesticaOpossum11_merged.fq.gz	Opossum11	H3K4me3	monDom5	vl_monDom5_ERX531056_se-b0_liver_H3K4me3.fastq.gz
PRJEB6906	SAMEA2677886	ERS517777	ERX530965	ERR572128	ERA339952	13616	Monodelphis domestica	Illumina HiSeq 2000	SINGLE	ChIP-Seq	GENOMIC	27435978	E-MTAB-2633_rev:do2155_input_liver_unk_monDom5Monodelphis_domesticaOpossum11_SAN01.fq.gz	ftp.sra.ebi.ac.uk/vol1/fastq/ERR572/ERR572128/ERR572128.fastq.gz	ftp.sra.ebi.ac.uk/vol1/ERA339/ERA339952/fastq/do2155_input_liver_unk_monDom5Monodelphis_domesticaOpossum11_SAN01.fq.gz	Opossum11	Input	monDom5	vl_monDom5_ERX530965_se-b0_liver_Input.fastq.gz
PRJEB6906	SAMEA2677862	ERS517753	ERX530966	ERR572297	ERA339952	13616	Monodelphis domestica	Illumina HiSeq 2000	SINGLE	ChIP-Seq	GENOMIC	27552795	E-MTAB-2633_rev:do2599_H3K27Ac_liver_ab4729_monDom5Monodelphis_domesticaOpossum12_SAN01.fq.gz	ftp.sra.ebi.ac.uk/vol1/fastq/ERR572/ERR572297/ERR572297.fastq.gz	ftp.sra.ebi.ac.uk/vol1/ERA339/ERA339952/fastq/do2599_H3K27Ac_liver_ab4729_monDom5Monodelphis_domesticaOpossum12_SAN01.fq.gz	Opossum12	H3K27ac	monDom5	vl_monDom5_ERX530966_se-b1_liver_H3K27ac.fastq.gz
PRJEB6906	SAMEA2677862	ERS517753	ERX531054	ERR572135	ERA339952	13616	Monodelphis domestica	Illumina HiSeq 2000	SINGLE	ChIP-Seq	GENOMIC	34830248	E-MTAB-2633_rev:do2100_H3K4me3_liver_millipore_05-1339_monDom5Monodelphis_domesticaOpossum12_merged.fq.gz	ftp.sra.ebi.ac.uk/vol1/fastq/ERR572/ERR572135/ERR572135.fastq.gz	ftp.sra.ebi.ac.uk/vol1/ERA339/ERA339952/fastq/do2100_H3K4me3_liver_millipore_05-1339_monDom5Monodelphis_domesticaOpossum12_merged.fq.gz	Opossum12	H3K4me3	monDom5	vl_monDom5_ERX531054_se-b1_liver_H3K4me3.fastq.gz
PRJEB6906	SAMEA2677862	ERS517753	ERX530917	ERR572193	ERA339952	13616	Monodelphis domestica	Illumina HiSeq 2000	SINGLE	ChIP-Seq	GENOMIC	28085989	E-MTAB-2633_rev:do2156_input_liver_unk_monDom5Monodelphis_domesticaOpossum12_SAN01.fq.gz	ftp.sra.ebi.ac.uk/vol1/fastq/ERR572/ERR572193/ERR572193.fastq.gz	ftp.sra.ebi.ac.uk/vol1/ERA339/ERA339952/fastq/do2156_input_liver_unk_monDom5Monodelphis_domesticaOpossum12_SAN01.fq.gz	Opossum12	Input	monDom5	vl_monDom5_ERX530917_se-b1_liver_Input.fastq.gz
PRJEB6906	SAMEA2677897	ERS517788	ERX530997	ERR572158	ERA339952	13616	Monodelphis domestica	Illumina HiSeq 2000	SINGLE	ChIP-Seq	GENOMIC	25586077	E-MTAB-2633_rev:do2600_H3K27Ac_liver_ab4729_monDom5Monodelphis_domesticaOpossum13_SAN01.fq.gz	ftp.sra.ebi.ac.uk/vol1/fastq/ERR572/ERR572158/ERR572158.fastq.gz	ftp.sra.ebi.ac.uk/vol1/ERA339/ERA339952/fastq/do2600_H3K27Ac_liver_ab4729_monDom5Monodelphis_domesticaOpossum13_SAN01.fq.gz	Opossum13	H3K27ac	monDom5	vl_monDom5_ERX530997_se-b2_liver_H3K27ac.fastq.gz
PRJEB6906	SAMEA2677897	ERS517788	ERX531027	ERR572252	ERA339952	13616	Monodelphis domestica	Illumina HiSeq 2000	SINGLE	ChIP-Seq	GENOMIC	39861068	E-MTAB-2633_rev:do2101_H3K4me3_liver_millipore_05-1339_monDom5Monodelphis_domesticaOpossum13_merged.fq.gz	ftp.sra.ebi.ac.uk/vol1/fastq/ERR572/ERR572252/ERR572252.fastq.gz	ftp.sra.ebi.ac.uk/vol1/ERA339/ERA339952/fastq/do2101_H3K4me3_liver_millipore_05-1339_monDom5Monodelphis_domesticaOpossum13_merged.fq.gz	Opossum13	H3K4me3	monDom5	vl_monDom5_ERX531027_se-b2_liver_H3K4me3.fastq.gz
PRJEB6906	SAMEA2677897	ERS517788	ERX530999	ERR572278	ERA339952	13616	Monodelphis domestica	Illumina HiSeq 2000	SINGLE	ChIP-Seq	GENOMIC	26910572	E-MTAB-2633_rev:do2157_input_liver_unk_monDom5Monodelphis_domesticaOpossum13_SAN01.fq.gz	ftp.sra.ebi.ac.uk/vol1/fastq/ERR572/ERR572278/ERR572278.fastq.gz	ftp.sra.ebi.ac.uk/vol1/ERA339/ERA339952/fastq/do2157_input_liver_unk_monDom5Monodelphis_domesticaOpossum13_SAN01.fq.gz	Opossum13	Input	monDom5	vl_monDom5_ERX530999_se-b2_liver_Input.fastq.gz
PRJEB6906	SAMEA2677854	ERS517745	ERX530908	ERR572228	ERA339952	10092	Mus musculus domesticus	Illumina HiSeq 2000	SINGLE	ChIP-Seq	GENOMIC	20142303	E-MTAB-2633_rev:do3128_H3K27Ac_liver_ab4729_mm10BL685920.0_SAN01.fq.gz	ftp.sra.ebi.ac.uk/vol1/fastq/ERR572/ERR572228/ERR572228.fastq.gz	ftp.sra.ebi.ac.uk/vol1/ERA339/ERA339952/fastq/do3128_H3K27Ac_liver_ab4729_mm10BL685920.0_SAN01.fq.gz	85920	H3K27ac	mm9	vl_mm9_ERX530908_se-b0_liver_H3K27ac.fastq.gz
PRJEB6906	SAMEA2677854	ERS517745	ERX530952	ERR572162	ERA339952	10092	Mus musculus domesticus	Illumina HiSeq 2000	SINGLE	ChIP-Seq	GENOMIC	19871916	E-MTAB-2633_rev:do3134_H3K4me3_liver_05-1339_mm10BL685920.0_SAN01.fq.gz	ftp.sra.ebi.ac.uk/vol1/fastq/ERR572/ERR572162/ERR572162.fastq.gz	ftp.sra.ebi.ac.uk/vol1/ERA339/ERA339952/fastq/do3134_H3K4me3_liver_05-1339_mm10BL685920.0_SAN01.fq.gz	85920	H3K4me3	mm9	vl_mm9_ERX530952_se-b0_liver_H3K4me3.fastq.gz
PRJEB6906	SAMEA2677854	ERS517745	ERX530954	ERR572173	ERA339952	10092	Mus musculus domesticus	Illumina HiSeq 2000	SINGLE	ChIP-Seq	GENOMIC	25511654	E-MTAB-2633_rev:do3148_input_liver_unk_mm10BL685920.0_SAN01.fq.gz	ftp.sra.ebi.ac.uk/vol1/fastq/ERR572/ERR572173/ERR572173.fastq.gz	ftp.sra.ebi.ac.uk/vol1/ERA339/ERA339952/fastq/do3148_input_liver_unk_mm10BL685920.0_SAN01.fq.gz	85920	Input	mm9	vl_mm9_ERX530954_se-b0_liver_Input.fastq.gz
PRJEB6906	SAMEA2677849	ERS517740	ERX531018	ERR572192	ERA339952	10092	Mus musculus domesticus	Illumina HiSeq 2000	SINGLE	ChIP-Seq	GENOMIC	18536499	E-MTAB-2633_rev:do3129_H3K27Ac_liver_ab4729_mm10BL685921.0_SAN01.fq.gz	ftp.sra.ebi.ac.uk/vol1/fastq/ERR572/ERR572192/ERR572192.fastq.gz	ftp.sra.ebi.ac.uk/vol1/ERA339/ERA339952/fastq/do3129_H3K27Ac_liver_ab4729_mm10BL685921.0_SAN01.fq.gz	85921	H3K27ac	mm9	vl_mm9_ERX531018_se-b1_liver_H3K27ac.fastq.gz
PRJEB6906	SAMEA2677849	ERS517740	ERX531026	ERR572240	ERA339952	10092	Mus musculus domesticus	Illumina HiSeq 2000	SINGLE	ChIP-Seq	GENOMIC	19766613	E-MTAB-2633_rev:do3135_H3K4me3_liver_05-1339_mm10BL685921.0_SAN01.fq.gz	ftp.sra.ebi.ac.uk/vol1/fastq/ERR572/ERR572240/ERR572240.fastq.gz	ftp.sra.ebi.ac.uk/vol1/ERA339/ERA339952/fastq/do3135_H3K4me3_liver_05-1339_mm10BL685921.0_SAN01.fq.gz	85921	H3K4me3	mm9	vl_mm9_ERX531026_se-b1_liver_H3K4me3.fastq.gz
PRJEB6906	SAMEA2677849	ERS517740	ERX530903	ERR572140	ERA339952	10092	Mus musculus domesticus	Illumina HiSeq 2000	SINGLE	ChIP-Seq	GENOMIC	24222961	E-MTAB-2633_rev:do3149_input_liver_unk_mm10BL685921.0_SAN01.fq.gz	ftp.sra.ebi.ac.uk/vol1/fastq/ERR572/ERR572140/ERR572140.fastq.gz	ftp.sra.ebi.ac.uk/vol1/ERA339/ERA339952/fastq/do3149_input_liver_unk_mm10BL685921.0_SAN01.fq.gz	85921	Input	mm9	vl_mm9_ERX530903_se-b1_liver_Input.fastq.gz
PRJEB6906	SAMEA2677874	ERS517765	ERX531002	ERR572141	ERA339952	10092	Mus musculus domesticus	Illumina HiSeq 2000	SINGLE	ChIP-Seq	GENOMIC	21103898	E-MTAB-2633_rev:do3130_H3K27Ac_liver_ab4729_mm10BL685923.0_SAN01.fq.gz	ftp.sra.ebi.ac.uk/vol1/fastq/ERR572/ERR572141/ERR572141.fastq.gz	ftp.sra.ebi.ac.uk/vol1/ERA339/ERA339952/fastq/do3130_H3K27Ac_liver_ab4729_mm10BL685923.0_SAN01.fq.gz	85923	H3K27ac	mm9	vl_mm9_ERX531002_se-b2_liver_H3K27ac.fastq.gz
PRJEB6906	SAMEA2677874	ERS517765	ERX530933	ERR572250	ERA339952	10092	Mus musculus domesticus	Illumina HiSeq 2000	SINGLE	ChIP-Seq	GENOMIC	19288088	E-MTAB-2633_rev:do3136_H3K4me3_liver_05-1339_mm10BL685923.0_SAN01.fq.gz	ftp.sra.ebi.ac.uk/vol1/fastq/ERR572/ERR572250/ERR572250.fastq.gz	ftp.sra.ebi.ac.uk/vol1/ERA339/ERA339952/fastq/do3136_H3K4me3_liver_05-1339_mm10BL685923.0_SAN01.fq.gz	85923	H3K4me3	mm9	vl_mm9_ERX530933_se-b2_liver_H3K4me3.fastq.gz
PRJEB6906	SAMEA2677874	ERS517765	ERX530937	ERR572227	ERA339952	10092	Mus musculus domesticus	Illumina HiSeq 2000	SINGLE	ChIP-Seq	GENOMIC	25532423	E-MTAB-2633_rev:do3150_input_liver_unk_mm10BL685923.0_SAN01.fq.gz	ftp.sra.ebi.ac.uk/vol1/fastq/ERR572/ERR572227/ERR572227.fastq.gz	ftp.sra.ebi.ac.uk/vol1/ERA339/ERA339952/fastq/do3150_input_liver_unk_mm10BL685923.0_SAN01.fq.gz	85923	Input	mm9	vl_mm9_ERX530937_se-b2_liver_Input.fastq.gz
PRJEB6906	SAMEA2677851	ERS517742	ERX530905	ERR572185	ERA339952	10092	Mus musculus domesticus	Illumina HiSeq 2000	SINGLE	ChIP-Seq	GENOMIC	18714461	E-MTAB-2633_rev:do3131_H3K27Ac_liver_ab4729_mm10BL685924.0_SAN01.fq.gz	ftp.sra.ebi.ac.uk/vol1/fastq/ERR572/ERR572185/ERR572185.fastq.gz	ftp.sra.ebi.ac.uk/vol1/ERA339/ERA339952/fastq/do3131_H3K27Ac_liver_ab4729_mm10BL685924.0_SAN01.fq.gz	85924	H3K27ac	mm9	vl_mm9_ERX530905_se-b3_liver_H3K27ac.fastq.gz
PRJEB6906	SAMEA2677851	ERS517742	ERX530969	ERR572176	ERA339952	10092	Mus musculus domesticus	Illumina HiSeq 2000	SINGLE	ChIP-Seq	GENOMIC	20057039	E-MTAB-2633_rev:do3137_H3K4me3_liver_05-1339_mm10BL685924.0_SAN01.fq.gz	ftp.sra.ebi.ac.uk/vol1/fastq/ERR572/ERR572176/ERR572176.fastq.gz	ftp.sra.ebi.ac.uk/vol1/ERA339/ERA339952/fastq/do3137_H3K4me3_liver_05-1339_mm10BL685924.0_SAN01.fq.gz	85924	H3K4me3	mm9	vl_mm9_ERX530969_se-b3_liver_H3K4me3.fastq.gz
PRJEB6906	SAMEA2677851	ERS517742	ERX531037	ERR572226	ERA339952	10092	Mus musculus domesticus	Illumina HiSeq 2000	SINGLE	ChIP-Seq	GENOMIC	24127118	E-MTAB-2633_rev:do3151_input_liver_unk_mm10BL685924.0_SAN01.fq.gz	ftp.sra.ebi.ac.uk/vol1/fastq/ERR572/ERR572226/ERR572226.fastq.gz	ftp.sra.ebi.ac.uk/vol1/ERA339/ERA339952/fastq/do3151_input_liver_unk_mm10BL685924.0_SAN01.fq.gz	85924	Input	mm9	vl_mm9_ERX531037_se-b3_liver_Input.fastq.gz
PRJEB6906	SAMEA2677855	ERS517746	ERX530984	ERR572126	ERA339952	9986	Oryctolagus cuniculus	Illumina HiSeq 2000	SINGLE	ChIP-Seq	GENOMIC	21581194	E-MTAB-2633_rev:do3041_H3K27Ac_liver_ab4729_oryCun2Oryctolagus_cuniculusRabbit4_SAN01.fq.gz	ftp.sra.ebi.ac.uk/vol1/fastq/ERR572/ERR572126/ERR572126.fastq.gz	ftp.sra.ebi.ac.uk/vol1/ERA339/ERA339952/fastq/do3041_H3K27Ac_liver_ab4729_oryCun2Oryctolagus_cuniculusRabbit4_SAN01.fq.gz	Rabbit4	H3K27ac	oryCun2	vl_oryCun2_ERX530984_se-b0_liver_H3K27ac.fastq.gz
PRJEB6906	SAMEA2677855	ERS517746	ERX530909	ERR572213	ERA339952	9986	Oryctolagus cuniculus	Illumina HiSeq 2000	SINGLE	ChIP-Seq	GENOMIC	17698387	E-MTAB-2633_rev:do2330_H3K4me3_liver_millipore_05-1339_oryCun2Rabbit4_SAN01.fq.gz	ftp.sra.ebi.ac.uk/vol1/fastq/ERR572/ERR572213/ERR572213.fastq.gz	ftp.sra.ebi.ac.uk/vol1/ERA339/ERA339952/fastq/do2330_H3K4me3_liver_millipore_05-1339_oryCun2Rabbit4_SAN01.fq.gz	Rabbit4	H3K4me3	oryCun2	vl_oryCun2_ERX530909_se-b0_liver_H3K4me3.fastq.gz
PRJEB6906	SAMEA2677855	ERS517746	ERX530914	ERR572212	ERA339952	9986	Oryctolagus cuniculus	Illumina HiSeq 2000	SINGLE	ChIP-Seq	GENOMIC	33901553	E-MTAB-2633_rev:do2418_Input_liver_unk_oryCun2Rabbit4_merged.fq.gz	ftp.sra.ebi.ac.uk/vol1/fastq/ERR572/ERR572212/ERR572212.fastq.gz	ftp.sra.ebi.ac.uk/vol1/ERA339/ERA339952/fastq/do2418_Input_liver_unk_oryCun2Rabbit4_merged.fq.gz	Rabbit4	Input	oryCun2	vl_oryCun2_ERX530914_se-b0_liver_Input.fastq.gz
PRJEB6906	SAMEA2677881	ERS517772	ERX531048	ERR572232	ERA339952	9986	Oryctolagus cuniculus	Illumina HiSeq 2000	SINGLE	ChIP-Seq	GENOMIC	20219777	E-MTAB-2633_rev:do3042_H3K27Ac_liver_ab4729_oryCun2Oryctolagus_cuniculusRabbit5_SAN01.fq.gz	ftp.sra.ebi.ac.uk/vol1/fastq/ERR572/ERR572232/ERR572232.fastq.gz	ftp.sra.ebi.ac.uk/vol1/ERA339/ERA339952/fastq/do3042_H3K27Ac_liver_ab4729_oryCun2Oryctolagus_cuniculusRabbit5_SAN01.fq.gz	Rabbit5	H3K27ac	oryCun2	vl_oryCun2_ERX531048_se-b1_liver_H3K27ac.fastq.gz
PRJEB6906	SAMEA2677881	ERS517772	ERX530945	ERR572153	ERA339952	9986	Oryctolagus cuniculus	Illumina HiSeq 2000	SINGLE	ChIP-Seq	GENOMIC	17266748	E-MTAB-2633_rev:do2334_H3K4me3_liver_millipore_05-1339_oryCun2Rabbit5_SAN01.fq.gz	ftp.sra.ebi.ac.uk/vol1/fastq/ERR572/ERR572153/ERR572153.fastq.gz	ftp.sra.ebi.ac.uk/vol1/ERA339/ERA339952/fastq/do2334_H3K4me3_liver_millipore_05-1339_oryCun2Rabbit5_SAN01.fq.gz	Rabbit5	H3K4me3	oryCun2	vl_oryCun2_ERX530945_se-b1_liver_H3K4me3.fastq.gz
PRJEB6906	SAMEA2677881	ERS517772	ERX530958	ERR572238	ERA339952	9986	Oryctolagus cuniculus	Illumina HiSeq 2000	SINGLE	ChIP-Seq	GENOMIC	33669179	E-MTAB-2633_rev:do2419_Input_liver_unk_oryCun2Rabbit5_merged.fq.gz	ftp.sra.ebi.ac.uk/vol1/fastq/ERR572/ERR572238/ERR572238.fastq.gz	ftp.sra.ebi.ac.uk/vol1/ERA339/ERA339952/fastq/do2419_Input_liver_unk_oryCun2Rabbit5_merged.fq.gz	Rabbit5	Input	oryCun2	vl_oryCun2_ERX530958_se-b1_liver_Input.fastq.gz
PRJEB6906	SAMEA2677892	ERS517783	ERX530979	ERR572222	ERA339952	9986	Oryctolagus cuniculus	Illumina HiSeq 2000	SINGLE	ChIP-Seq	GENOMIC	20959394	E-MTAB-2633_rev:do3043_H3K27Ac_liver_ab4729_oryCun2Oryctolagus_cuniculusRabbit6_SAN01.fq.gz	ftp.sra.ebi.ac.uk/vol1/fastq/ERR572/ERR572222/ERR572222.fastq.gz	ftp.sra.ebi.ac.uk/vol1/ERA339/ERA339952/fastq/do3043_H3K27Ac_liver_ab4729_oryCun2Oryctolagus_cuniculusRabbit6_SAN01.fq.gz	Rabbit6	H3K27ac	oryCun2	vl_oryCun2_ERX530979_se-b2_liver_H3K27ac.fastq.gz
PRJEB6906	SAMEA2677892	ERS517783	ERX531014	ERR572267	ERA339952	9986	Oryctolagus cuniculus	Illumina HiSeq 2000	SINGLE	ChIP-Seq	GENOMIC	17900100	E-MTAB-2633_rev:do2338_H3K4me3_liver_millipore_05-1339_oryCun2Rabbit6_SAN01.fq.gz	ftp.sra.ebi.ac.uk/vol1/fastq/ERR572/ERR572267/ERR572267.fastq.gz	ftp.sra.ebi.ac.uk/vol1/ERA339/ERA339952/fastq/do2338_H3K4me3_liver_millipore_05-1339_oryCun2Rabbit6_SAN01.fq.gz	Rabbit6	H3K4me3	oryCun2	vl_oryCun2_ERX531014_se-b2_liver_H3K4me3.fastq.gz
PRJEB6906	SAMEA2677892	ERS517783	ERX531066	ERR572288	ERA339952	9986	Oryctolagus cuniculus	Illumina HiSeq 2000	SINGLE	ChIP-Seq	GENOMIC	28370720	E-MTAB-2633_rev:do2420_Input_liver_unk_oryCun2Rabbit6_merged.fq.gz	ftp.sra.ebi.ac.uk/vol1/fastq/ERR572/ERR572288/ERR572288.fastq.gz	ftp.sra.ebi.ac.uk/vol1/ERA339/ERA339952/fastq/do2420_Input_liver_unk_oryCun2Rabbit6_merged.fq.gz	Rabbit6	Input	oryCun2	vl_oryCun2_ERX531066_se-b2_liver_Input.fastq.gz
PRJEB6906	SAMEA2677882	ERS517773	ERX530988	ERR572186	ERA339952	10116	Rattus norvegicus	Illumina HiSeq 2000	SINGLE	ChIP-Seq	GENOMIC	26266225	E-MTAB-2633_rev:do2514_H3K27Ac_liver_ab4729_rn5Rattus_norvegicusRat10_SAN01.fq.gz	ftp.sra.ebi.ac.uk/vol1/fastq/ERR572/ERR572186/ERR572186.fastq.gz	ftp.sra.ebi.ac.uk/vol1/ERA339/ERA339952/fastq/do2514_H3K27Ac_liver_ab4729_rn5Rattus_norvegicusRat10_SAN01.fq.gz	Rat10	H3K27ac	rn5	vl_rn5_ERX530988_se-b0_liver_H3K27ac.fastq.gz
PRJEB6906	SAMEA2677882	ERS517773	ERX530991	ERR572272	ERA339952	10116	Rattus norvegicus	Illumina HiSeq 2000	SINGLE	ChIP-Seq	GENOMIC	29209632	E-MTAB-2633_rev:do2508_H3K4me3_liver_millipore_05-1339_rn5Rattus_norvegicusRat10_SAN01.fq.gz	ftp.sra.ebi.ac.uk/vol1/fastq/ERR572/ERR572272/ERR572272.fastq.gz	ftp.sra.ebi.ac.uk/vol1/ERA339/ERA339952/fastq/do2508_H3K4me3_liver_millipore_05-1339_rn5Rattus_norvegicusRat10_SAN01.fq.gz	Rat10	H3K4me3	rn5	vl_rn5_ERX530991_se-b0_liver_H3K4me3.fastq.gz
PRJEB6906	SAMEA2677882	ERS517773	ERX530948	ERR572177	ERA339952	10116	Rattus norvegicus	Illumina HiSeq 2000	SINGLE	ChIP-Seq	GENOMIC	25927981	E-MTAB-2633_rev:do2603_unk_liver_unk_rn5Rattus_norvegicusRat10_SAN01.fq.gz	ftp.sra.ebi.ac.uk/vol1/fastq/ERR572/ERR572177/ERR572177.fastq.gz	ftp.sra.ebi.ac.uk/vol1/ERA339/ERA339952/fastq/do2603_unk_liver_unk_rn5Rattus_norvegicusRat10_SAN01.fq.gz	Rat10	Input	rn5	vl_rn5_ERX530948_se-b0_liver_Input.fastq.gz
PRJEB6906	SAMEA2677878	ERS517769	ERX530985	ERR572251	ERA339952	10116	Rattus norvegicus	Illumina HiSeq 2000	SINGLE	ChIP-Seq	GENOMIC	24232414	E-MTAB-2633_rev:do2512_H3K27Ac_liver_ab4729_rn5Rattus_norvegicusRat7_SAN01p1.fq.gz	ftp.sra.ebi.ac.uk/vol1/fastq/ERR572/ERR572251/ERR572251.fastq.gz	ftp.sra.ebi.ac.uk/vol1/ERA339/ERA339952/fastq/do2512_H3K27Ac_liver_ab4729_rn5Rattus_norvegicusRat7_SAN01p1.fq.gz	Rat7	H3K27ac	rn5	vl_rn5_ERX530985_se-b1_liver_H3K27ac.fastq.gz
PRJEB6906	SAMEA2677878	ERS517769	ERX530959	ERR572172	ERA339952	10116	Rattus norvegicus	Illumina HiSeq 2000	SINGLE	ChIP-Seq	GENOMIC	22270222	E-MTAB-2633_rev:do2506_H3K4me3_liver_millipore_05-1339_rn5Rattus_norvegicusRat7_SAN01p1.fq.gz	ftp.sra.ebi.ac.uk/vol1/fastq/ERR572/ERR572172/ERR572172.fastq.gz	ftp.sra.ebi.ac.uk/vol1/ERA339/ERA339952/fastq/do2506_H3K4me3_liver_millipore_05-1339_rn5Rattus_norvegicusRat7_SAN01p1.fq.gz	Rat7	H3K4me3	rn5	vl_rn5_ERX530959_se-b1_liver_H3K4me3.fastq.gz
PRJEB6906	SAMEA2677878	ERS517769	ERX530940	ERR572166	ERA339952	10116	Rattus norvegicus	Illumina HiSeq 2000	SINGLE	ChIP-Seq	GENOMIC	26574916	E-MTAB-2633_rev:do2601_unk_liver_unk_rn5Rattus_norvegicusRat7_SAN01.fq.gz	ftp.sra.ebi.ac.uk/vol1/fastq/ERR572/ERR572166/ERR572166.fastq.gz	ftp.sra.ebi.ac.uk/vol1/ERA339/ERA339952/fastq/do2601_unk_liver_unk_rn5Rattus_norvegicusRat7_SAN01.fq.gz	Rat7	Input	rn5	vl_rn5_ERX530940_se-b1_liver_Input.fastq.gz
PRJEB6906	SAMEA2677879	ERS517770	ERX531051	ERR572179	ERA339952	10116	Rattus norvegicus	Illumina HiSeq 2000	SINGLE	ChIP-Seq	GENOMIC	26868729	E-MTAB-2633_rev:do2513_H3K27Ac_liver_ab4729_rn5Rattus_norvegicusRat9_SAN01.fq.gz	ftp.sra.ebi.ac.uk/vol1/fastq/ERR572/ERR572179/ERR572179.fastq.gz	ftp.sra.ebi.ac.uk/vol1/ERA339/ERA339952/fastq/do2513_H3K27Ac_liver_ab4729_rn5Rattus_norvegicusRat9_SAN01.fq.gz	Rat9	H3K27ac	rn5	vl_rn5_ERX531051_se-b2_liver_H3K27ac.fastq.gz
PRJEB6906	SAMEA2677879	ERS517770	ERX530942	ERR572264	ERA339952	10116	Rattus norvegicus	Illumina HiSeq 2000	SINGLE	ChIP-Seq	GENOMIC	27532628	E-MTAB-2633_rev:do2507_H3K4me3_liver_millipore_05-1339_rn5Rattus_norvegicusRat9_SAN01.fq.gz	ftp.sra.ebi.ac.uk/vol1/fastq/ERR572/ERR572264/ERR572264.fastq.gz	ftp.sra.ebi.ac.uk/vol1/ERA339/ERA339952/fastq/do2507_H3K4me3_liver_millipore_05-1339_rn5Rattus_norvegicusRat9_SAN01.fq.gz	Rat9	H3K4me3	rn5	vl_rn5_ERX530942_se-b2_liver_H3K4me3.fastq.gz
PRJEB6906	SAMEA2677879	ERS517770	ERX531062	ERR572144	ERA339952	10116	Rattus norvegicus	Illumina HiSeq 2000	SINGLE	ChIP-Seq	GENOMIC	28524386	E-MTAB-2633_rev:do2602_unk_liver_unk_rn5Rattus_norvegicusRat9_SAN01.fq.gz	ftp.sra.ebi.ac.uk/vol1/fastq/ERR572/ERR572144/ERR572144.fastq.gz	ftp.sra.ebi.ac.uk/vol1/ERA339/ERA339952/fastq/do2602_unk_liver_unk_rn5Rattus_norvegicusRat9_SAN01.fq.gz	Rat9	Input	rn5	vl_rn5_ERX531062_se-b2_liver_Input.fastq.gz
PRJEB6906	SAMEA2677898	ERS517789	ERX530998	ERR572204	ERA339952	9823	Sus scrofa	Illumina HiSeq 2000	SINGLE	ChIP-Seq	GENOMIC	21311031	E-MTAB-2633_rev:do3053_H3K27Ac_liver_ab4729_susScr3Sus_scrofaPig4_SAN01.fq.gz	ftp.sra.ebi.ac.uk/vol1/fastq/ERR572/ERR572204/ERR572204.fastq.gz	ftp.sra.ebi.ac.uk/vol1/ERA339/ERA339952/fastq/do3053_H3K27Ac_liver_ab4729_susScr3Sus_scrofaPig4_SAN01.fq.gz	Pig4	H3K27ac	susScr2	vl_susScr2_ERX530998_se-b0_liver_H3K27ac.fastq.gz
PRJEB6906	SAMEA2677898	ERS517789	ERX531069	ERR572292	ERA339952	9823	Sus scrofa	Illumina HiSeq 2000	SINGLE	ChIP-Seq	GENOMIC	28552901	E-MTAB-2633_rev:do2093_H3K4me3_liver_millipore_05-1339_susScr2Sus_scrofaPig4_SAN01.fq.gz	ftp.sra.ebi.ac.uk/vol1/fastq/ERR572/ERR572292/ERR572292.fastq.gz	ftp.sra.ebi.ac.uk/vol1/ERA339/ERA339952/fastq/do2093_H3K4me3_liver_millipore_05-1339_susScr2Sus_scrofaPig4_SAN01.fq.gz	Pig4	H3K4me3	susScr2	vl_susScr2_ERX531069_se-b0_liver_H3K4me3.fastq.gz
PRJEB6906	SAMEA2677898	ERS517789	ERX531057	ERR572294	ERA339952	9823	Sus scrofa	Illumina HiSeq 2000	SINGLE	ChIP-Seq	GENOMIC	28037490	E-MTAB-2633_rev:do2149_input_liver_unk_susScr2Sus_scrofaPig4_SAN01.fq.gz	ftp.sra.ebi.ac.uk/vol1/fastq/ERR572/ERR572294/ERR572294.fastq.gz	ftp.sra.ebi.ac.uk/vol1/ERA339/ERA339952/fastq/do2149_input_liver_unk_susScr2Sus_scrofaPig4_SAN01.fq.gz	Pig4	Input	susScr2	vl_susScr2_ERX531057_se-b0_liver_Input.fastq.gz
PRJEB6906	SAMEA2677843	ERS517734	ERX530896	ERR572261	ERA339952	9823	Sus scrofa	Illumina HiSeq 2000	SINGLE	ChIP-Seq	GENOMIC	20757006	E-MTAB-2633_rev:do3054_H3K27Ac_liver_ab4729_susScr3Sus_scrofaPig5_SAN01.fq.gz	ftp.sra.ebi.ac.uk/vol1/fastq/ERR572/ERR572261/ERR572261.fastq.gz	ftp.sra.ebi.ac.uk/vol1/ERA339/ERA339952/fastq/do3054_H3K27Ac_liver_ab4729_susScr3Sus_scrofaPig5_SAN01.fq.gz	Pig5	H3K27ac	susScr2	vl_susScr2_ERX530896_se-b1_liver_H3K27ac.fastq.gz
PRJEB6906	SAMEA2677843	ERS517734	ERX530977	ERR572197	ERA339952	9823	Sus scrofa	Illumina HiSeq 2000	SINGLE	ChIP-Seq	GENOMIC	26756177	E-MTAB-2633_rev:do2094_H3K4me3_liver_millipore_05-1339_susScr2Sus_scrofaPig5_SAN01.fq.gz	ftp.sra.ebi.ac.uk/vol1/fastq/ERR572/ERR572197/ERR572197.fastq.gz	ftp.sra.ebi.ac.uk/vol1/ERA339/ERA339952/fastq/do2094_H3K4me3_liver_millipore_05-1339_susScr2Sus_scrofaPig5_SAN01.fq.gz	Pig5	H3K4me3	susScr2	vl_susScr2_ERX530977_se-b1_liver_H3K4me3.fastq.gz
PRJEB6906	SAMEA2677843	ERS517734	ERX531019	ERR572157	ERA339952	9823	Sus scrofa	Illumina HiSeq 2000	SINGLE	ChIP-Seq	GENOMIC	31187335	E-MTAB-2633_rev:do2150_input_liver_unk_susScr2Sus_scrofaPig5_SAN01.fq.gz	ftp.sra.ebi.ac.uk/vol1/fastq/ERR572/ERR572157/ERR572157.fastq.gz	ftp.sra.ebi.ac.uk/vol1/ERA339/ERA339952/fastq/do2150_input_liver_unk_susScr2Sus_scrofaPig5_SAN01.fq.gz	Pig5	Input	susScr2	vl_susScr2_ERX531019_se-b1_liver_Input.fastq.gz
PRJEB6906	SAMEA2677887	ERS517778	ERX530983	ERR572214	ERA339952	9823	Sus scrofa	Illumina HiSeq 2000	SINGLE	ChIP-Seq	GENOMIC	21245442	E-MTAB-2633_rev:do3055_H3K27Ac_liver_ab4729_susScr3Sus_scrofaPig6_SAN01.fq.gz	ftp.sra.ebi.ac.uk/vol1/fastq/ERR572/ERR572214/ERR572214.fastq.gz	ftp.sra.ebi.ac.uk/vol1/ERA339/ERA339952/fastq/do3055_H3K27Ac_liver_ab4729_susScr3Sus_scrofaPig6_SAN01.fq.gz	Pig6	H3K27ac	susScr2	vl_susScr2_ERX530983_se-b2_liver_H3K27ac.fastq.gz
PRJEB6906	SAMEA2677887	ERS517778	ERX531060	ERR572167	ERA339952	9823	Sus scrofa	Illumina HiSeq 2000	SINGLE	ChIP-Seq	GENOMIC	25243874	E-MTAB-2633_rev:do2095_H3K4me3_liver_millipore_05-1339_susScr2Sus_scrofaPig6_SAN01.fq.gz	ftp.sra.ebi.ac.uk/vol1/fastq/ERR572/ERR572167/ERR572167.fastq.gz	ftp.sra.ebi.ac.uk/vol1/ERA339/ERA339952/fastq/do2095_H3K4me3_liver_millipore_05-1339_susScr2Sus_scrofaPig6_SAN01.fq.gz	Pig6	H3K4me3	susScr2	vl_susScr2_ERX531060_se-b2_liver_H3K4me3.fastq.gz
PRJEB6906	SAMEA2677887	ERS517778	ERX530968	ERR572138	ERA339952	9823	Sus scrofa	Illumina HiSeq 2000	SINGLE	ChIP-Seq	GENOMIC	29635671	E-MTAB-2633_rev:do2151_input_liver_unk_susScr2Sus_scrofaPig6_SAN01.fq.gz	ftp.sra.ebi.ac.uk/vol1/fastq/ERR572/ERR572138/ERR572138.fastq.gz	ftp.sra.ebi.ac.uk/vol1/ERA339/ERA339952/fastq/do2151_input_liver_unk_susScr2Sus_scrofaPig6_SAN01.fq.gz	Pig6	Input	susScr2	vl_susScr2_ERX530968_se-b2_liver_Input.fastq.gz
