LibraryStrategy	LibrarySource	Platform	LibraryLayout	full_biosample	Submission	ReleaseDate	InsertDev	ReadHash	SampleName	ScientificName	Subject_ID	InsertSize	Consent	Sample	size_MB	Biological_replicate	spots	Experiment	BioSample	Run	Experiment_target	ProjectID	TaxID	Tumor	Model	download_path	LibrarySelection	spots_with_mates	bases	RunHash	AssemblyName	fastq_path	avgLength	short_biosample	SRAStudy	CenterName	Sex	LoadDate	SampleType	BioProject
ChIP-Seq	GENOMIC	ILLUMINA	SINGLE	mature_resting_Bcells	ERA625267	2017-01-07	0	8806B3DFC87D1C73E48701F37B8292D7	house mouse	Mus musculus	SC_Pool_6j_ChIP_H3K27ac_B_cell_female_3	0	public	ERS1164753	406	3	24579080	ERX1489060	SAMEA3993643	ERR1418240	H3K27ac	322275	10090	no	Illumina HiSeq 2000	https://sra-download.ncbi.nlm.nih.gov/srapub/ERR1418240	ChIP	0	1032321360	305E0E7F3E71F79F2966C732D9B3E919	GCF_000001635.20	/TL/deep/fhgfs/projects/pebert/thesis/projects/cross_species/rawdata/downloads/ERR1418240.fastq.gz	42	bcell	ERP015660	Nijmegen Centre for Molecular Life Sciences - Radboud University	female	2016-05-25	simple	PRJEB14054
ChIP-Seq	GENOMIC	ILLUMINA	SINGLE	mature_resting_Bcells	ERA625267	2017-01-07	0	0A537198352F8124F90CE877A9A46148	house mouse	Mus musculus	SC_Pool_6j_ChIP_H3K27ac_B_cell_male_3	0	public	ERS1164752	727	3	42928470	ERX1489061	SAMEA3993642	ERR1418241	H3K27ac	322275	10090	no	Illumina HiSeq 2000	https://sra-download.ncbi.nlm.nih.gov/srapub/ERR1418241	ChIP	0	1802995740	BA09E571A435068D1CF897BF8F3FAD2F	GCF_000001635.20	/TL/deep/fhgfs/projects/pebert/thesis/projects/cross_species/rawdata/downloads/ERR1418241.fastq.gz	42	bcell	ERP015660	Nijmegen Centre for Molecular Life Sciences - Radboud University	male	2016-05-25	simple	PRJEB14054
ChIP-Seq	GENOMIC	ILLUMINA	SINGLE	naive_CD4p_Tcells	ERA625267	2017-01-07	0	4B7F1F6571D490EF9DD3AC22F8E61E4A	house mouse	Mus musculus	SC_Pool_6j_ChIP_H3K27ac_T_cell_female_3	0	public	ERS1164755	639	3	39752762	ERX1489062	SAMEA3993645	ERR1418242	H3K27ac	322275	10090	no	Illumina HiSeq 2000	https://sra-download.ncbi.nlm.nih.gov/srapub/ERR1418242	ChIP	0	1669616004	52AE616C8D761D1D57F177ED5A7B8CF9	GCF_000001635.20	/TL/deep/fhgfs/projects/pebert/thesis/projects/cross_species/rawdata/downloads/ERR1418242.fastq.gz	42	ncd4	ERP015660	Nijmegen Centre for Molecular Life Sciences - Radboud University	female	2016-05-25	simple	PRJEB14054
ChIP-Seq	GENOMIC	ILLUMINA	SINGLE	naive_CD4p_Tcells	ERA625267	2017-01-07	0	D61284B6ACC9578309AF32233089678C	house mouse	Mus musculus	SC_Pool_6j_ChIP_H3K27ac_T_cell_male_3	0	public	ERS1164754	643	3	37235828	ERX1489063	SAMEA3993644	ERR1418243	H3K27ac	322275	10090	no	Illumina HiSeq 2000	https://sra-download.ncbi.nlm.nih.gov/srapub/ERR1418243	ChIP	0	1563904776	4100036D7103D462A0B784876341E81B	GCF_000001635.20	/TL/deep/fhgfs/projects/pebert/thesis/projects/cross_species/rawdata/downloads/ERR1418243.fastq.gz	42	ncd4	ERP015660	Nijmegen Centre for Molecular Life Sciences - Radboud University	male	2016-05-25	simple	PRJEB14054
ChIP-Seq	GENOMIC	ILLUMINA	SINGLE	mature_resting_Bcells	ERA625267	2017-01-07	0	233D706C1581C82D4E5A3169787A7C64	house mouse	Mus musculus	SC_Pool_6j_ChIP_H3K27me3_B_cell_female_3	0	public	ERS1164757	593	3	34940061	ERX1489064	SAMEA3993647	ERR1418244	H3K27me3	322275	10090	no	Illumina HiSeq 2000	https://sra-download.ncbi.nlm.nih.gov/srapub/ERR1418244	ChIP	0	1467482562	E51234ED7188475BB9B4F4F5A5C779BD	GCF_000001635.20	/TL/deep/fhgfs/projects/pebert/thesis/projects/cross_species/rawdata/downloads/ERR1418244.fastq.gz	42	bcell	ERP015660	Nijmegen Centre for Molecular Life Sciences - Radboud University	female	2016-05-25	simple	PRJEB14054
ChIP-Seq	GENOMIC	ILLUMINA	SINGLE	mature_resting_Bcells	ERA625267	2017-01-07	0	C571FBAEE6275449F97EC5CA4796A143	house mouse	Mus musculus	SC_Pool_6j_ChIP_H3K27me3_B_cell_male_3	0	public	ERS1164756	707	3	41808376	ERX1489065	SAMEA3993646	ERR1418245	H3K27me3	322275	10090	no	Illumina HiSeq 2000	https://sra-download.ncbi.nlm.nih.gov/srapub/ERR1418245	ChIP	0	1755951792	91CA0E76E20E2321439A4050256F0629	GCF_000001635.20	/TL/deep/fhgfs/projects/pebert/thesis/projects/cross_species/rawdata/downloads/ERR1418245.fastq.gz	42	bcell	ERP015660	Nijmegen Centre for Molecular Life Sciences - Radboud University	male	2016-05-25	simple	PRJEB14054
ChIP-Seq	GENOMIC	ILLUMINA	SINGLE	naive_CD4p_Tcells	ERA625267	2017-01-07	0	1D3556B54AF19DD0AF4AEF5516416C45	house mouse	Mus musculus	SC_Pool_6j_ChIP_H3K27me3_T_cell_female_3	0	public	ERS1164759	578	3	36405759	ERX1489066	SAMEA3993649	ERR1418246	H3K27me3	322275	10090	no	Illumina HiSeq 2000	https://sra-download.ncbi.nlm.nih.gov/srapub/ERR1418246	ChIP	0	1529041878	DC72C3C65B170A836DA75340B78107BA	GCF_000001635.20	/TL/deep/fhgfs/projects/pebert/thesis/projects/cross_species/rawdata/downloads/ERR1418246.fastq.gz	42	ncd4	ERP015660	Nijmegen Centre for Molecular Life Sciences - Radboud University	female	2016-05-25	simple	PRJEB14054
ChIP-Seq	GENOMIC	ILLUMINA	SINGLE	naive_CD4p_Tcells	ERA625267	2017-01-07	0	4E2F134FA0848FFF48E8F1B1B1DA75F6	house mouse	Mus musculus	SC_Pool_6j_ChIP_H3K27me3_T_cell_male_3	0	public	ERS1164758	981	3	58203202	ERX1489067	SAMEA3993648	ERR1418247	H3K27me3	322275	10090	no	Illumina HiSeq 2000	https://sra-download.ncbi.nlm.nih.gov/srapub/ERR1418247	ChIP	0	2444534484	0B44198CF5B151E64E247E0002D150EB	GCF_000001635.20	/TL/deep/fhgfs/projects/pebert/thesis/projects/cross_species/rawdata/downloads/ERR1418247.fastq.gz	42	ncd4	ERP015660	Nijmegen Centre for Molecular Life Sciences - Radboud University	male	2016-05-25	simple	PRJEB14054
ChIP-Seq	GENOMIC	ILLUMINA	PAIRED	mature_resting_Bcells	ERA625265	2017-01-07	81	103758805DE11A620BD8BFAEE3059543	house mouse	Mus musculus	SC_Pool_6j_ChIP_H3K36me3_B_cell_male_1	250	public	ERS1043075	317	1	15093411	ERX1489046	SAMEA3855941	ERR1418225	H3K36me3	322275	10090	no	Illumina HiSeq 2000	https://sra-download.ncbi.nlm.nih.gov/srapub/ERR1418225	ChIP	15093411	2264011650	B23F03451FA7362DDED9589A78EDE785	GCF_000001635.20	/TL/deep/fhgfs/projects/pebert/thesis/projects/cross_species/rawdata/downloads/ERR1418225_1.fastq.gz	150	bcell	ERP015660	THE WELLCOME TRUST SANGER INSTITUTE	male	2016-05-20	simple	PRJEB14054
ChIP-Seq	GENOMIC	ILLUMINA	PAIRED	mature_resting_Bcells	ERA625265	2017-01-07	81	103758805DE11A620BD8BFAEE3059543	house mouse	Mus musculus	SC_Pool_6j_ChIP_H3K36me3_B_cell_male_1	250	public	ERS1043075	317	1	15093411	ERX1489046	SAMEA3855941	ERR1418225	H3K36me3	322275	10090	no	Illumina HiSeq 2000	https://sra-download.ncbi.nlm.nih.gov/srapub/ERR1418225	ChIP	15093411	2264011650	B23F03451FA7362DDED9589A78EDE785	GCF_000001635.20	/TL/deep/fhgfs/projects/pebert/thesis/projects/cross_species/rawdata/downloads/ERR1418225_2.fastq.gz	150	bcell	ERP015660	THE WELLCOME TRUST SANGER INSTITUTE	male	2016-05-20	simple	PRJEB14054
ChIP-Seq	GENOMIC	ILLUMINA	PAIRED	mature_resting_Bcells	ERA625265	2017-01-07	80	6051A0FD0B5BB3B1F56B8CC3AFA0DEF8	house mouse	Mus musculus	SC_Pool_6j_ChIP_H3K36me3_B_cell_male_1	250	public	ERS1043075	316	1	15096770	ERX1489052	SAMEA3855941	ERR1418231	H3K36me3	322275	10090	no	Illumina HiSeq 2000	https://sra-download.ncbi.nlm.nih.gov/srapub/ERR1418231	ChIP	15096770	2264515500	BB0F9B73CDD68D31D10D347005AD4080	GCF_000001635.20	/TL/deep/fhgfs/projects/pebert/thesis/projects/cross_species/rawdata/downloads/ERR1418231_1.fastq.gz	150	bcell	ERP015660	THE WELLCOME TRUST SANGER INSTITUTE	male	2016-05-20	simple	PRJEB14054
ChIP-Seq	GENOMIC	ILLUMINA	PAIRED	mature_resting_Bcells	ERA625265	2017-01-07	80	6051A0FD0B5BB3B1F56B8CC3AFA0DEF8	house mouse	Mus musculus	SC_Pool_6j_ChIP_H3K36me3_B_cell_male_1	250	public	ERS1043075	316	1	15096770	ERX1489052	SAMEA3855941	ERR1418231	H3K36me3	322275	10090	no	Illumina HiSeq 2000	https://sra-download.ncbi.nlm.nih.gov/srapub/ERR1418231	ChIP	15096770	2264515500	BB0F9B73CDD68D31D10D347005AD4080	GCF_000001635.20	/TL/deep/fhgfs/projects/pebert/thesis/projects/cross_species/rawdata/downloads/ERR1418231_2.fastq.gz	150	bcell	ERP015660	THE WELLCOME TRUST SANGER INSTITUTE	male	2016-05-20	simple	PRJEB14054
ChIP-Seq	GENOMIC	ILLUMINA	PAIRED	mature_resting_Bcells	ERA625265	2017-01-07	116	CF603A01B095DBFDC7C1F4B8EFC1E1A1	house mouse	Mus musculus	SC_Pool_6j_ChIP_H3K36me3_B_cell_male_2	334	public	ERS1043065	1377	2	19348684	ERX1489034	SAMEA3855931	ERR1418213	H3K36me3	322275	10090	no	Illumina HiSeq 2500	https://sra-download.ncbi.nlm.nih.gov/srapub/ERR1418213	ChIP	19348684	2902302600	145C40E2BBFA8BE2B79A9E5C79CE344D	GCF_000001635.20	/TL/deep/fhgfs/projects/pebert/thesis/projects/cross_species/rawdata/downloads/ERR1418213_1.fastq.gz	150	bcell	ERP015660	THE WELLCOME TRUST SANGER INSTITUTE	male	2016-05-20	simple	PRJEB14054
ChIP-Seq	GENOMIC	ILLUMINA	PAIRED	mature_resting_Bcells	ERA625265	2017-01-07	116	CF603A01B095DBFDC7C1F4B8EFC1E1A1	house mouse	Mus musculus	SC_Pool_6j_ChIP_H3K36me3_B_cell_male_2	334	public	ERS1043065	1377	2	19348684	ERX1489034	SAMEA3855931	ERR1418213	H3K36me3	322275	10090	no	Illumina HiSeq 2500	https://sra-download.ncbi.nlm.nih.gov/srapub/ERR1418213	ChIP	19348684	2902302600	145C40E2BBFA8BE2B79A9E5C79CE344D	GCF_000001635.20	/TL/deep/fhgfs/projects/pebert/thesis/projects/cross_species/rawdata/downloads/ERR1418213_2.fastq.gz	150	bcell	ERP015660	THE WELLCOME TRUST SANGER INSTITUTE	male	2016-05-20	simple	PRJEB14054
ChIP-Seq	GENOMIC	ILLUMINA	PAIRED	mature_resting_Bcells	ERA625265	2017-01-07	113	ACA0BA552862AE9C93562F774967F2E4	house mouse	Mus musculus	SC_Pool_6j_ChIP_H3K36me3_B_cell_male_2	335	public	ERS1043065	1412	2	19709354	ERX1489040	SAMEA3855931	ERR1418219	H3K36me3	322275	10090	no	Illumina HiSeq 2500	https://sra-download.ncbi.nlm.nih.gov/srapub/ERR1418219	ChIP	19709354	2956403100	40792DCDF55382A085AE8F98792A5142	GCF_000001635.20	/TL/deep/fhgfs/projects/pebert/thesis/projects/cross_species/rawdata/downloads/ERR1418219_1.fastq.gz	150	bcell	ERP015660	THE WELLCOME TRUST SANGER INSTITUTE	male	2016-05-20	simple	PRJEB14054
ChIP-Seq	GENOMIC	ILLUMINA	PAIRED	mature_resting_Bcells	ERA625265	2017-01-07	113	ACA0BA552862AE9C93562F774967F2E4	house mouse	Mus musculus	SC_Pool_6j_ChIP_H3K36me3_B_cell_male_2	335	public	ERS1043065	1412	2	19709354	ERX1489040	SAMEA3855931	ERR1418219	H3K36me3	322275	10090	no	Illumina HiSeq 2500	https://sra-download.ncbi.nlm.nih.gov/srapub/ERR1418219	ChIP	19709354	2956403100	40792DCDF55382A085AE8F98792A5142	GCF_000001635.20	/TL/deep/fhgfs/projects/pebert/thesis/projects/cross_species/rawdata/downloads/ERR1418219_2.fastq.gz	150	bcell	ERP015660	THE WELLCOME TRUST SANGER INSTITUTE	male	2016-05-20	simple	PRJEB14054
ChIP-Seq	GENOMIC	ILLUMINA	PAIRED	naive_CD4p_Tcells	ERA625265	2017-01-07	73	7CC898BD9638748B27AE6666AE63242D	house mouse	Mus musculus	SC_Pool_6j_ChIP_H3K36me3_T_cell_male_1	245	public	ERS1043080	320	1	15470162	ERX1489049	SAMEA3855946	ERR1418228	H3K36me3	322275	10090	no	Illumina HiSeq 2000	https://sra-download.ncbi.nlm.nih.gov/srapub/ERR1418228	ChIP	15470162	2320524300	EF8C3089DA4DD91219D4659D62775605	GCF_000001635.20	/TL/deep/fhgfs/projects/pebert/thesis/projects/cross_species/rawdata/downloads/ERR1418228_1.fastq.gz	150	ncd4	ERP015660	THE WELLCOME TRUST SANGER INSTITUTE	male	2016-05-20	simple	PRJEB14054
ChIP-Seq	GENOMIC	ILLUMINA	PAIRED	naive_CD4p_Tcells	ERA625265	2017-01-07	73	7CC898BD9638748B27AE6666AE63242D	house mouse	Mus musculus	SC_Pool_6j_ChIP_H3K36me3_T_cell_male_1	245	public	ERS1043080	320	1	15470162	ERX1489049	SAMEA3855946	ERR1418228	H3K36me3	322275	10090	no	Illumina HiSeq 2000	https://sra-download.ncbi.nlm.nih.gov/srapub/ERR1418228	ChIP	15470162	2320524300	EF8C3089DA4DD91219D4659D62775605	GCF_000001635.20	/TL/deep/fhgfs/projects/pebert/thesis/projects/cross_species/rawdata/downloads/ERR1418228_2.fastq.gz	150	ncd4	ERP015660	THE WELLCOME TRUST SANGER INSTITUTE	male	2016-05-20	simple	PRJEB14054
ChIP-Seq	GENOMIC	ILLUMINA	PAIRED	naive_CD4p_Tcells	ERA625265	2017-01-07	76	1E1A154AB6E534A990DEC1B9C76AA658	house mouse	Mus musculus	SC_Pool_6j_ChIP_H3K36me3_T_cell_male_1	244	public	ERS1043080	318	1	15463059	ERX1489055	SAMEA3855946	ERR1418234	H3K36me3	322275	10090	no	Illumina HiSeq 2000	https://sra-download.ncbi.nlm.nih.gov/srapub/ERR1418234	ChIP	15463059	2319458850	F96C78CC769C14BB8244F7171002C989	GCF_000001635.20	/TL/deep/fhgfs/projects/pebert/thesis/projects/cross_species/rawdata/downloads/ERR1418234_1.fastq.gz	150	ncd4	ERP015660	THE WELLCOME TRUST SANGER INSTITUTE	male	2016-05-20	simple	PRJEB14054
ChIP-Seq	GENOMIC	ILLUMINA	PAIRED	naive_CD4p_Tcells	ERA625265	2017-01-07	76	1E1A154AB6E534A990DEC1B9C76AA658	house mouse	Mus musculus	SC_Pool_6j_ChIP_H3K36me3_T_cell_male_1	244	public	ERS1043080	318	1	15463059	ERX1489055	SAMEA3855946	ERR1418234	H3K36me3	322275	10090	no	Illumina HiSeq 2000	https://sra-download.ncbi.nlm.nih.gov/srapub/ERR1418234	ChIP	15463059	2319458850	F96C78CC769C14BB8244F7171002C989	GCF_000001635.20	/TL/deep/fhgfs/projects/pebert/thesis/projects/cross_species/rawdata/downloads/ERR1418234_2.fastq.gz	150	ncd4	ERP015660	THE WELLCOME TRUST SANGER INSTITUTE	male	2016-05-20	simple	PRJEB14054
ChIP-Seq	GENOMIC	ILLUMINA	PAIRED	naive_CD4p_Tcells	ERA625265	2017-01-07	116	4A888FF579B45356C9CF0C2A4AF68B78	house mouse	Mus musculus	SC_Pool_6j_ChIP_H3K36me3_T_cell_male_2	303	public	ERS1043069	1256	2	17833007	ERX1489036	SAMEA3855935	ERR1418215	H3K36me3	322275	10090	no	Illumina HiSeq 2500	https://sra-download.ncbi.nlm.nih.gov/srapub/ERR1418215	ChIP	17833007	2674951050	79373B25080A0A35412B8BE0F194D6DA	GCF_000001635.20	/TL/deep/fhgfs/projects/pebert/thesis/projects/cross_species/rawdata/downloads/ERR1418215_1.fastq.gz	150	ncd4	ERP015660	THE WELLCOME TRUST SANGER INSTITUTE	male	2016-05-20	simple	PRJEB14054
ChIP-Seq	GENOMIC	ILLUMINA	PAIRED	naive_CD4p_Tcells	ERA625265	2017-01-07	116	4A888FF579B45356C9CF0C2A4AF68B78	house mouse	Mus musculus	SC_Pool_6j_ChIP_H3K36me3_T_cell_male_2	303	public	ERS1043069	1256	2	17833007	ERX1489036	SAMEA3855935	ERR1418215	H3K36me3	322275	10090	no	Illumina HiSeq 2500	https://sra-download.ncbi.nlm.nih.gov/srapub/ERR1418215	ChIP	17833007	2674951050	79373B25080A0A35412B8BE0F194D6DA	GCF_000001635.20	/TL/deep/fhgfs/projects/pebert/thesis/projects/cross_species/rawdata/downloads/ERR1418215_2.fastq.gz	150	ncd4	ERP015660	THE WELLCOME TRUST SANGER INSTITUTE	male	2016-05-20	simple	PRJEB14054
ChIP-Seq	GENOMIC	ILLUMINA	PAIRED	naive_CD4p_Tcells	ERA625265	2017-01-07	117	40FDC0EFAE0267CD3B7847DEBFE27A3D	house mouse	Mus musculus	SC_Pool_6j_ChIP_H3K36me3_T_cell_male_2	302	public	ERS1043069	1290	2	18182608	ERX1489042	SAMEA3855935	ERR1418221	H3K36me3	322275	10090	no	Illumina HiSeq 2500	https://sra-download.ncbi.nlm.nih.gov/srapub/ERR1418221	ChIP	18182608	2727391200	2B3464AE8D135A2AE8ABC252F07BAFDF	GCF_000001635.20	/TL/deep/fhgfs/projects/pebert/thesis/projects/cross_species/rawdata/downloads/ERR1418221_1.fastq.gz	150	ncd4	ERP015660	THE WELLCOME TRUST SANGER INSTITUTE	male	2016-05-20	simple	PRJEB14054
ChIP-Seq	GENOMIC	ILLUMINA	PAIRED	naive_CD4p_Tcells	ERA625265	2017-01-07	117	40FDC0EFAE0267CD3B7847DEBFE27A3D	house mouse	Mus musculus	SC_Pool_6j_ChIP_H3K36me3_T_cell_male_2	302	public	ERS1043069	1290	2	18182608	ERX1489042	SAMEA3855935	ERR1418221	H3K36me3	322275	10090	no	Illumina HiSeq 2500	https://sra-download.ncbi.nlm.nih.gov/srapub/ERR1418221	ChIP	18182608	2727391200	2B3464AE8D135A2AE8ABC252F07BAFDF	GCF_000001635.20	/TL/deep/fhgfs/projects/pebert/thesis/projects/cross_species/rawdata/downloads/ERR1418221_2.fastq.gz	150	ncd4	ERP015660	THE WELLCOME TRUST SANGER INSTITUTE	male	2016-05-20	simple	PRJEB14054
ChIP-Seq	GENOMIC	ILLUMINA	PAIRED	mature_resting_Bcells	ERA625265	2017-01-07	64	BDE486A869B3DDF02100465DF90862CA	house mouse	Mus musculus	SC_Pool_6j_ChIP_H3K4me3_B_cell_male_1	225	public	ERS1043072	313	1	13985739	ERX1489045	SAMEA3855938	ERR1418224	H3K4me3	322275	10090	no	Illumina HiSeq 2000	https://sra-download.ncbi.nlm.nih.gov/srapub/ERR1418224	ChIP	13985739	2097860850	DD9D2D0D2313C978699D4343524F19EF	GCF_000001635.20	/TL/deep/fhgfs/projects/pebert/thesis/projects/cross_species/rawdata/downloads/ERR1418224_1.fastq.gz	150	bcell	ERP015660	THE WELLCOME TRUST SANGER INSTITUTE	male	2016-05-20	simple	PRJEB14054
ChIP-Seq	GENOMIC	ILLUMINA	PAIRED	mature_resting_Bcells	ERA625265	2017-01-07	64	BDE486A869B3DDF02100465DF90862CA	house mouse	Mus musculus	SC_Pool_6j_ChIP_H3K4me3_B_cell_male_1	225	public	ERS1043072	313	1	13985739	ERX1489045	SAMEA3855938	ERR1418224	H3K4me3	322275	10090	no	Illumina HiSeq 2000	https://sra-download.ncbi.nlm.nih.gov/srapub/ERR1418224	ChIP	13985739	2097860850	DD9D2D0D2313C978699D4343524F19EF	GCF_000001635.20	/TL/deep/fhgfs/projects/pebert/thesis/projects/cross_species/rawdata/downloads/ERR1418224_2.fastq.gz	150	bcell	ERP015660	THE WELLCOME TRUST SANGER INSTITUTE	male	2016-05-20	simple	PRJEB14054
ChIP-Seq	GENOMIC	ILLUMINA	PAIRED	mature_resting_Bcells	ERA625265	2017-01-07	64	3871C8CF368A97E7CAA8B885402F367C	house mouse	Mus musculus	SC_Pool_6j_ChIP_H3K4me3_B_cell_male_1	227	public	ERS1043072	311	1	13952777	ERX1489051	SAMEA3855938	ERR1418230	H3K4me3	322275	10090	no	Illumina HiSeq 2000	https://sra-download.ncbi.nlm.nih.gov/srapub/ERR1418230	ChIP	13952777	2092916550	E9E68A5C2D245E499F23D9ED0645D661	GCF_000001635.20	/TL/deep/fhgfs/projects/pebert/thesis/projects/cross_species/rawdata/downloads/ERR1418230_1.fastq.gz	150	bcell	ERP015660	THE WELLCOME TRUST SANGER INSTITUTE	male	2016-05-20	simple	PRJEB14054
ChIP-Seq	GENOMIC	ILLUMINA	PAIRED	mature_resting_Bcells	ERA625265	2017-01-07	64	3871C8CF368A97E7CAA8B885402F367C	house mouse	Mus musculus	SC_Pool_6j_ChIP_H3K4me3_B_cell_male_1	227	public	ERS1043072	311	1	13952777	ERX1489051	SAMEA3855938	ERR1418230	H3K4me3	322275	10090	no	Illumina HiSeq 2000	https://sra-download.ncbi.nlm.nih.gov/srapub/ERR1418230	ChIP	13952777	2092916550	E9E68A5C2D245E499F23D9ED0645D661	GCF_000001635.20	/TL/deep/fhgfs/projects/pebert/thesis/projects/cross_species/rawdata/downloads/ERR1418230_2.fastq.gz	150	bcell	ERP015660	THE WELLCOME TRUST SANGER INSTITUTE	male	2016-05-20	simple	PRJEB14054
ChIP-Seq	GENOMIC	ILLUMINA	PAIRED	mature_resting_Bcells	ERA625265	2017-01-07	109	2C34F94F8D51FEEF0C5A119BF07E9C82	house mouse	Mus musculus	SC_Pool_6j_ChIP_H3K4me3_B_cell_male_2	317	public	ERS1043062	1173	2	16348004	ERX1489033	SAMEA3855928	ERR1418212	H3K4me3	322275	10090	no	Illumina HiSeq 2500	https://sra-download.ncbi.nlm.nih.gov/srapub/ERR1418212	ChIP	16348004	2452200600	5607F4AB9A40DD57499214E40D2BFDD0	GCF_000001635.20	/TL/deep/fhgfs/projects/pebert/thesis/projects/cross_species/rawdata/downloads/ERR1418212_1.fastq.gz	150	bcell	ERP015660	THE WELLCOME TRUST SANGER INSTITUTE	male	2016-05-20	simple	PRJEB14054
ChIP-Seq	GENOMIC	ILLUMINA	PAIRED	mature_resting_Bcells	ERA625265	2017-01-07	109	2C34F94F8D51FEEF0C5A119BF07E9C82	house mouse	Mus musculus	SC_Pool_6j_ChIP_H3K4me3_B_cell_male_2	317	public	ERS1043062	1173	2	16348004	ERX1489033	SAMEA3855928	ERR1418212	H3K4me3	322275	10090	no	Illumina HiSeq 2500	https://sra-download.ncbi.nlm.nih.gov/srapub/ERR1418212	ChIP	16348004	2452200600	5607F4AB9A40DD57499214E40D2BFDD0	GCF_000001635.20	/TL/deep/fhgfs/projects/pebert/thesis/projects/cross_species/rawdata/downloads/ERR1418212_2.fastq.gz	150	bcell	ERP015660	THE WELLCOME TRUST SANGER INSTITUTE	male	2016-05-20	simple	PRJEB14054
ChIP-Seq	GENOMIC	ILLUMINA	PAIRED	mature_resting_Bcells	ERA625265	2017-01-07	107	02C0EAB52ED31A613646E069F89E746A	house mouse	Mus musculus	SC_Pool_6j_ChIP_H3K4me3_B_cell_male_2	314	public	ERS1043062	1204	2	16665252	ERX1489039	SAMEA3855928	ERR1418218	H3K4me3	322275	10090	no	Illumina HiSeq 2500	https://sra-download.ncbi.nlm.nih.gov/srapub/ERR1418218	ChIP	16665252	2499787800	464E0DB55CD422D54A704DC32E69C98A	GCF_000001635.20	/TL/deep/fhgfs/projects/pebert/thesis/projects/cross_species/rawdata/downloads/ERR1418218_1.fastq.gz	150	bcell	ERP015660	THE WELLCOME TRUST SANGER INSTITUTE	male	2016-05-20	simple	PRJEB14054
ChIP-Seq	GENOMIC	ILLUMINA	PAIRED	mature_resting_Bcells	ERA625265	2017-01-07	107	02C0EAB52ED31A613646E069F89E746A	house mouse	Mus musculus	SC_Pool_6j_ChIP_H3K4me3_B_cell_male_2	314	public	ERS1043062	1204	2	16665252	ERX1489039	SAMEA3855928	ERR1418218	H3K4me3	322275	10090	no	Illumina HiSeq 2500	https://sra-download.ncbi.nlm.nih.gov/srapub/ERR1418218	ChIP	16665252	2499787800	464E0DB55CD422D54A704DC32E69C98A	GCF_000001635.20	/TL/deep/fhgfs/projects/pebert/thesis/projects/cross_species/rawdata/downloads/ERR1418218_2.fastq.gz	150	bcell	ERP015660	THE WELLCOME TRUST SANGER INSTITUTE	male	2016-05-20	simple	PRJEB14054
ChIP-Seq	GENOMIC	ILLUMINA	PAIRED	naive_CD4p_Tcells	ERA625265	2017-01-07	64	831940068D892A5EBACD2F2FA36F0D93	house mouse	Mus musculus	SC_Pool_6j_ChIP_H3K4me3_T_cell_male_1	231	public	ERS1043077	318	1	13767918	ERX1489048	SAMEA3855943	ERR1418227	H3K4me3	322275	10090	no	Illumina HiSeq 2000	https://sra-download.ncbi.nlm.nih.gov/srapub/ERR1418227	ChIP	13767918	2065187700	F0C265EFEC36FF9C1376F21D1295256F	GCF_000001635.20	/TL/deep/fhgfs/projects/pebert/thesis/projects/cross_species/rawdata/downloads/ERR1418227_1.fastq.gz	150	ncd4	ERP015660	THE WELLCOME TRUST SANGER INSTITUTE	male	2016-05-20	simple	PRJEB14054
ChIP-Seq	GENOMIC	ILLUMINA	PAIRED	naive_CD4p_Tcells	ERA625265	2017-01-07	64	831940068D892A5EBACD2F2FA36F0D93	house mouse	Mus musculus	SC_Pool_6j_ChIP_H3K4me3_T_cell_male_1	231	public	ERS1043077	318	1	13767918	ERX1489048	SAMEA3855943	ERR1418227	H3K4me3	322275	10090	no	Illumina HiSeq 2000	https://sra-download.ncbi.nlm.nih.gov/srapub/ERR1418227	ChIP	13767918	2065187700	F0C265EFEC36FF9C1376F21D1295256F	GCF_000001635.20	/TL/deep/fhgfs/projects/pebert/thesis/projects/cross_species/rawdata/downloads/ERR1418227_2.fastq.gz	150	ncd4	ERP015660	THE WELLCOME TRUST SANGER INSTITUTE	male	2016-05-20	simple	PRJEB14054
ChIP-Seq	GENOMIC	ILLUMINA	PAIRED	naive_CD4p_Tcells	ERA625265	2017-01-07	64	E7C56680D0A45E1C845461D0376310B7	house mouse	Mus musculus	SC_Pool_6j_ChIP_H3K4me3_T_cell_male_1	230	public	ERS1043077	317	1	13707750	ERX1489054	SAMEA3855943	ERR1418233	H3K4me3	322275	10090	no	Illumina HiSeq 2000	https://sra-download.ncbi.nlm.nih.gov/srapub/ERR1418233	ChIP	13707750	2056162500	5AE0170808BABDD16BD672A13BA546B5	GCF_000001635.20	/TL/deep/fhgfs/projects/pebert/thesis/projects/cross_species/rawdata/downloads/ERR1418233_1.fastq.gz	150	ncd4	ERP015660	THE WELLCOME TRUST SANGER INSTITUTE	male	2016-05-20	simple	PRJEB14054
ChIP-Seq	GENOMIC	ILLUMINA	PAIRED	naive_CD4p_Tcells	ERA625265	2017-01-07	64	E7C56680D0A45E1C845461D0376310B7	house mouse	Mus musculus	SC_Pool_6j_ChIP_H3K4me3_T_cell_male_1	230	public	ERS1043077	317	1	13707750	ERX1489054	SAMEA3855943	ERR1418233	H3K4me3	322275	10090	no	Illumina HiSeq 2000	https://sra-download.ncbi.nlm.nih.gov/srapub/ERR1418233	ChIP	13707750	2056162500	5AE0170808BABDD16BD672A13BA546B5	GCF_000001635.20	/TL/deep/fhgfs/projects/pebert/thesis/projects/cross_species/rawdata/downloads/ERR1418233_2.fastq.gz	150	ncd4	ERP015660	THE WELLCOME TRUST SANGER INSTITUTE	male	2016-05-20	simple	PRJEB14054
ChIP-Seq	GENOMIC	ILLUMINA	PAIRED	naive_CD4p_Tcells	ERA625265	2017-01-07	82	14C1048B9C3C4448331D2194A36B2DE9	house mouse	Mus musculus	SC_Pool_6j_ChIP_H3K4me3_T_cell_male_2	267	public	ERS1043066	1258	2	17049867	ERX1489035	SAMEA3855932	ERR1418214	H3K4me3	322275	10090	no	Illumina HiSeq 2500	https://sra-download.ncbi.nlm.nih.gov/srapub/ERR1418214	ChIP	17049867	2557480050	2FCA9B274D65B46B7E27DA77DB440FFA	GCF_000001635.20	/TL/deep/fhgfs/projects/pebert/thesis/projects/cross_species/rawdata/downloads/ERR1418214_1.fastq.gz	150	ncd4	ERP015660	THE WELLCOME TRUST SANGER INSTITUTE	male	2016-05-20	simple	PRJEB14054
ChIP-Seq	GENOMIC	ILLUMINA	PAIRED	naive_CD4p_Tcells	ERA625265	2017-01-07	82	14C1048B9C3C4448331D2194A36B2DE9	house mouse	Mus musculus	SC_Pool_6j_ChIP_H3K4me3_T_cell_male_2	267	public	ERS1043066	1258	2	17049867	ERX1489035	SAMEA3855932	ERR1418214	H3K4me3	322275	10090	no	Illumina HiSeq 2500	https://sra-download.ncbi.nlm.nih.gov/srapub/ERR1418214	ChIP	17049867	2557480050	2FCA9B274D65B46B7E27DA77DB440FFA	GCF_000001635.20	/TL/deep/fhgfs/projects/pebert/thesis/projects/cross_species/rawdata/downloads/ERR1418214_2.fastq.gz	150	ncd4	ERP015660	THE WELLCOME TRUST SANGER INSTITUTE	male	2016-05-20	simple	PRJEB14054
ChIP-Seq	GENOMIC	ILLUMINA	PAIRED	naive_CD4p_Tcells	ERA625265	2017-01-07	83	A9620677FBF49E012713A273A2E7D017	house mouse	Mus musculus	SC_Pool_6j_ChIP_H3K4me3_T_cell_male_2	268	public	ERS1043066	1288	2	17333732	ERX1489041	SAMEA3855932	ERR1418220	H3K4me3	322275	10090	no	Illumina HiSeq 2500	https://sra-download.ncbi.nlm.nih.gov/srapub/ERR1418220	ChIP	17333732	2600059800	2252E41AB25BDE679602227DB6177AF9	GCF_000001635.20	/TL/deep/fhgfs/projects/pebert/thesis/projects/cross_species/rawdata/downloads/ERR1418220_1.fastq.gz	150	ncd4	ERP015660	THE WELLCOME TRUST SANGER INSTITUTE	male	2016-05-20	simple	PRJEB14054
ChIP-Seq	GENOMIC	ILLUMINA	PAIRED	naive_CD4p_Tcells	ERA625265	2017-01-07	83	A9620677FBF49E012713A273A2E7D017	house mouse	Mus musculus	SC_Pool_6j_ChIP_H3K4me3_T_cell_male_2	268	public	ERS1043066	1288	2	17333732	ERX1489041	SAMEA3855932	ERR1418220	H3K4me3	322275	10090	no	Illumina HiSeq 2500	https://sra-download.ncbi.nlm.nih.gov/srapub/ERR1418220	ChIP	17333732	2600059800	2252E41AB25BDE679602227DB6177AF9	GCF_000001635.20	/TL/deep/fhgfs/projects/pebert/thesis/projects/cross_species/rawdata/downloads/ERR1418220_2.fastq.gz	150	ncd4	ERP015660	THE WELLCOME TRUST SANGER INSTITUTE	male	2016-05-20	simple	PRJEB14054
ChIP-Seq	GENOMIC	ILLUMINA	SINGLE	mature_resting_Bcells	ERA625265	2017-01-07	0	776EBBE500ECEACDF330AC517526B6AB	house mouse	Mus musculus	SC_Pool_6j_ChIP_Input_B_cell_female_3	0	public	ERS1115463	414	3	21552551	ERX1489027	SAMEA3928329	ERR1418206	Input	322275	10090	no	Illumina HiSeq 2500	https://sra-download.ncbi.nlm.nih.gov/srapub/ERR1418206	ChIP	0	1077627550	90204DA5505E4BDE12095BBD38739F3C	GCF_000001635.20	/TL/deep/fhgfs/projects/pebert/thesis/projects/cross_species/rawdata/downloads/ERR1418206.fastq.gz	50	bcell	ERP015660	THE WELLCOME TRUST SANGER INSTITUTE	female	2016-05-20	simple	PRJEB14054
ChIP-Seq	GENOMIC	ILLUMINA	SINGLE	mature_resting_Bcells	ERA625265	2017-01-07	0	45481608A9EC2727FDA4C0DB84C5FB76	house mouse	Mus musculus	SC_Pool_6j_ChIP_Input_B_cell_female_3	0	public	ERS1115463	423	3	21872935	ERX1489031	SAMEA3928329	ERR1418210	Input	322275	10090	no	Illumina HiSeq 2500	https://sra-download.ncbi.nlm.nih.gov/srapub/ERR1418210	ChIP	0	1093646750	69F0CE4F93E98F6DC5889C0413CF2827	GCF_000001635.20	/TL/deep/fhgfs/projects/pebert/thesis/projects/cross_species/rawdata/downloads/ERR1418210.fastq.gz	50	bcell	ERP015660	THE WELLCOME TRUST SANGER INSTITUTE	female	2016-05-20	simple	PRJEB14054
ChIP-Seq	GENOMIC	ILLUMINA	PAIRED	mature_resting_Bcells	ERA625265	2017-01-07	67	CB54E9093E94CBA337D6FC4862E73710	house mouse	Mus musculus	SC_Pool_6j_ChIP_Input_B_cell_male_1	209	public	ERS1043076	322	1	15030149	ERX1489047	SAMEA3855942	ERR1418226	Input	322275	10090	no	Illumina HiSeq 2000	https://sra-download.ncbi.nlm.nih.gov/srapub/ERR1418226	ChIP	15030149	2254522350	EA4E22C17BB0D5569B9FFE244008CC1C	GCF_000001635.20	/TL/deep/fhgfs/projects/pebert/thesis/projects/cross_species/rawdata/downloads/ERR1418226_1.fastq.gz	150	bcell	ERP015660	THE WELLCOME TRUST SANGER INSTITUTE	male	2016-05-20	simple	PRJEB14054
ChIP-Seq	GENOMIC	ILLUMINA	PAIRED	mature_resting_Bcells	ERA625265	2017-01-07	67	CB54E9093E94CBA337D6FC4862E73710	house mouse	Mus musculus	SC_Pool_6j_ChIP_Input_B_cell_male_1	209	public	ERS1043076	322	1	15030149	ERX1489047	SAMEA3855942	ERR1418226	Input	322275	10090	no	Illumina HiSeq 2000	https://sra-download.ncbi.nlm.nih.gov/srapub/ERR1418226	ChIP	15030149	2254522350	EA4E22C17BB0D5569B9FFE244008CC1C	GCF_000001635.20	/TL/deep/fhgfs/projects/pebert/thesis/projects/cross_species/rawdata/downloads/ERR1418226_2.fastq.gz	150	bcell	ERP015660	THE WELLCOME TRUST SANGER INSTITUTE	male	2016-05-20	simple	PRJEB14054
ChIP-Seq	GENOMIC	ILLUMINA	PAIRED	mature_resting_Bcells	ERA625265	2017-01-07	70	34AFE79258D5FD677833BDA7DF4B3957	house mouse	Mus musculus	SC_Pool_6j_ChIP_Input_B_cell_male_1	211	public	ERS1043076	320	1	15005662	ERX1489053	SAMEA3855942	ERR1418232	Input	322275	10090	no	Illumina HiSeq 2000	https://sra-download.ncbi.nlm.nih.gov/srapub/ERR1418232	ChIP	15005662	2250849300	5936CE23F2F6A9A50C7F9C8412F47B6F	GCF_000001635.20	/TL/deep/fhgfs/projects/pebert/thesis/projects/cross_species/rawdata/downloads/ERR1418232_1.fastq.gz	150	bcell	ERP015660	THE WELLCOME TRUST SANGER INSTITUTE	male	2016-05-20	simple	PRJEB14054
ChIP-Seq	GENOMIC	ILLUMINA	PAIRED	mature_resting_Bcells	ERA625265	2017-01-07	70	34AFE79258D5FD677833BDA7DF4B3957	house mouse	Mus musculus	SC_Pool_6j_ChIP_Input_B_cell_male_1	211	public	ERS1043076	320	1	15005662	ERX1489053	SAMEA3855942	ERR1418232	Input	322275	10090	no	Illumina HiSeq 2000	https://sra-download.ncbi.nlm.nih.gov/srapub/ERR1418232	ChIP	15005662	2250849300	5936CE23F2F6A9A50C7F9C8412F47B6F	GCF_000001635.20	/TL/deep/fhgfs/projects/pebert/thesis/projects/cross_species/rawdata/downloads/ERR1418232_2.fastq.gz	150	bcell	ERP015660	THE WELLCOME TRUST SANGER INSTITUTE	male	2016-05-20	simple	PRJEB14054
ChIP-Seq	GENOMIC	ILLUMINA	PAIRED	mature_resting_Bcells	ERA625265	2017-01-07	87	9692135B8AFE4C150D880A605E048DA7	house mouse	Mus musculus	SC_Pool_6j_ChIP_Input_B_cell_male_2	267	public	ERS1043070	1368	2	19843862	ERX1489037	SAMEA3855936	ERR1418216	Input	322275	10090	no	Illumina HiSeq 2500	https://sra-download.ncbi.nlm.nih.gov/srapub/ERR1418216	ChIP	19843862	2976579300	F91AF172A43725BDE83C723F55339D1A	GCF_000001635.20	/TL/deep/fhgfs/projects/pebert/thesis/projects/cross_species/rawdata/downloads/ERR1418216_1.fastq.gz	150	bcell	ERP015660	THE WELLCOME TRUST SANGER INSTITUTE	male	2016-05-20	simple	PRJEB14054
ChIP-Seq	GENOMIC	ILLUMINA	PAIRED	mature_resting_Bcells	ERA625265	2017-01-07	87	9692135B8AFE4C150D880A605E048DA7	house mouse	Mus musculus	SC_Pool_6j_ChIP_Input_B_cell_male_2	267	public	ERS1043070	1368	2	19843862	ERX1489037	SAMEA3855936	ERR1418216	Input	322275	10090	no	Illumina HiSeq 2500	https://sra-download.ncbi.nlm.nih.gov/srapub/ERR1418216	ChIP	19843862	2976579300	F91AF172A43725BDE83C723F55339D1A	GCF_000001635.20	/TL/deep/fhgfs/projects/pebert/thesis/projects/cross_species/rawdata/downloads/ERR1418216_2.fastq.gz	150	bcell	ERP015660	THE WELLCOME TRUST SANGER INSTITUTE	male	2016-05-20	simple	PRJEB14054
ChIP-Seq	GENOMIC	ILLUMINA	PAIRED	mature_resting_Bcells	ERA625265	2017-01-07	84	90AB44CC99462E851644DDF56C5CA12B	house mouse	Mus musculus	SC_Pool_6j_ChIP_Input_B_cell_male_2	265	public	ERS1043070	1403	2	20211661	ERX1489043	SAMEA3855936	ERR1418222	Input	322275	10090	no	Illumina HiSeq 2500	https://sra-download.ncbi.nlm.nih.gov/srapub/ERR1418222	ChIP	20211661	3031749150	24C99F2C2079ECA6ECAC57B87D1272B6	GCF_000001635.20	/TL/deep/fhgfs/projects/pebert/thesis/projects/cross_species/rawdata/downloads/ERR1418222_1.fastq.gz	150	bcell	ERP015660	THE WELLCOME TRUST SANGER INSTITUTE	male	2016-05-20	simple	PRJEB14054
ChIP-Seq	GENOMIC	ILLUMINA	PAIRED	mature_resting_Bcells	ERA625265	2017-01-07	84	90AB44CC99462E851644DDF56C5CA12B	house mouse	Mus musculus	SC_Pool_6j_ChIP_Input_B_cell_male_2	265	public	ERS1043070	1403	2	20211661	ERX1489043	SAMEA3855936	ERR1418222	Input	322275	10090	no	Illumina HiSeq 2500	https://sra-download.ncbi.nlm.nih.gov/srapub/ERR1418222	ChIP	20211661	3031749150	24C99F2C2079ECA6ECAC57B87D1272B6	GCF_000001635.20	/TL/deep/fhgfs/projects/pebert/thesis/projects/cross_species/rawdata/downloads/ERR1418222_2.fastq.gz	150	bcell	ERP015660	THE WELLCOME TRUST SANGER INSTITUTE	male	2016-05-20	simple	PRJEB14054
ChIP-Seq	GENOMIC	ILLUMINA	SINGLE	mature_resting_Bcells	ERA625265	2017-01-07	0	ED97601C6946EA36CB07452697880859	house mouse	Mus musculus	SC_Pool_6j_ChIP_Input_B_cell_male_3	0	public	ERS1043083	398	3	20757974	ERX1489025	SAMEA3855949	ERR1418204	Input	322275	10090	no	Illumina HiSeq 2500	https://sra-download.ncbi.nlm.nih.gov/srapub/ERR1418204	ChIP	0	1037898700	97F0F21D2029EAAB693CEDB14A7F29B1	GCF_000001635.20	/TL/deep/fhgfs/projects/pebert/thesis/projects/cross_species/rawdata/downloads/ERR1418204.fastq.gz	50	bcell	ERP015660	THE WELLCOME TRUST SANGER INSTITUTE	male	2016-05-20	simple	PRJEB14054
ChIP-Seq	GENOMIC	ILLUMINA	SINGLE	mature_resting_Bcells	ERA625265	2017-01-07	0	47E7AC7E4210B97C2BF3CD16E55576CC	house mouse	Mus musculus	SC_Pool_6j_ChIP_Input_B_cell_male_3	0	public	ERS1043083	408	3	21105403	ERX1489029	SAMEA3855949	ERR1418208	Input	322275	10090	no	Illumina HiSeq 2500	https://sra-download.ncbi.nlm.nih.gov/srapub/ERR1418208	ChIP	0	1055270150	417B2B6E7706D1296A1EC07B4AEC4D0F	GCF_000001635.20	/TL/deep/fhgfs/projects/pebert/thesis/projects/cross_species/rawdata/downloads/ERR1418208.fastq.gz	50	bcell	ERP015660	THE WELLCOME TRUST SANGER INSTITUTE	male	2016-05-20	simple	PRJEB14054
ChIP-Seq	GENOMIC	ILLUMINA	SINGLE	naive_CD4p_Tcells	ERA625265	2017-01-07	0	D57CB9FE7C10F115155D1A442B2A1C7E	house mouse	Mus musculus	SC_Pool_6j_ChIP_Input_T_cell_female_3	0	public	ERS1115464	411	3	21531737	ERX1489028	SAMEA3928330	ERR1418207	Input	322275	10090	no	Illumina HiSeq 2500	https://sra-download.ncbi.nlm.nih.gov/srapub/ERR1418207	ChIP	0	1076586850	49BA4F4B9DEF1CF4ED874F2B31A3DAB8	GCF_000001635.20	/TL/deep/fhgfs/projects/pebert/thesis/projects/cross_species/rawdata/downloads/ERR1418207.fastq.gz	50	ncd4	ERP015660	THE WELLCOME TRUST SANGER INSTITUTE	female	2016-05-20	simple	PRJEB14054
ChIP-Seq	GENOMIC	ILLUMINA	SINGLE	naive_CD4p_Tcells	ERA625265	2017-01-07	0	1DB4DD2DE40EB5AFFAD76692D6B7D227	house mouse	Mus musculus	SC_Pool_6j_ChIP_Input_T_cell_female_3	0	public	ERS1115464	419	3	21757483	ERX1489032	SAMEA3928330	ERR1418211	Input	322275	10090	no	Illumina HiSeq 2500	https://sra-download.ncbi.nlm.nih.gov/srapub/ERR1418211	ChIP	0	1087874150	E0C314CB4E0B7B8A4730021F8AAA42FF	GCF_000001635.20	/TL/deep/fhgfs/projects/pebert/thesis/projects/cross_species/rawdata/downloads/ERR1418211.fastq.gz	50	ncd4	ERP015660	THE WELLCOME TRUST SANGER INSTITUTE	female	2016-05-20	simple	PRJEB14054
ChIP-Seq	GENOMIC	ILLUMINA	PAIRED	naive_CD4p_Tcells	ERA625265	2017-01-07	62	9D8E5F8727378AE59ED44DC2571036A8	house mouse	Mus musculus	SC_Pool_6j_ChIP_Input_T_cell_male_1	202	public	ERS1043081	315	1	15256949	ERX1489050	SAMEA3855947	ERR1418229	Input	322275	10090	no	Illumina HiSeq 2000	https://sra-download.ncbi.nlm.nih.gov/srapub/ERR1418229	ChIP	15256949	2288542350	E1AAAC85862B042E9939BBA3637B2C20	GCF_000001635.20	/TL/deep/fhgfs/projects/pebert/thesis/projects/cross_species/rawdata/downloads/ERR1418229_1.fastq.gz	150	ncd4	ERP015660	THE WELLCOME TRUST SANGER INSTITUTE	male	2016-05-20	simple	PRJEB14054
ChIP-Seq	GENOMIC	ILLUMINA	PAIRED	naive_CD4p_Tcells	ERA625265	2017-01-07	62	9D8E5F8727378AE59ED44DC2571036A8	house mouse	Mus musculus	SC_Pool_6j_ChIP_Input_T_cell_male_1	202	public	ERS1043081	315	1	15256949	ERX1489050	SAMEA3855947	ERR1418229	Input	322275	10090	no	Illumina HiSeq 2000	https://sra-download.ncbi.nlm.nih.gov/srapub/ERR1418229	ChIP	15256949	2288542350	E1AAAC85862B042E9939BBA3637B2C20	GCF_000001635.20	/TL/deep/fhgfs/projects/pebert/thesis/projects/cross_species/rawdata/downloads/ERR1418229_2.fastq.gz	150	ncd4	ERP015660	THE WELLCOME TRUST SANGER INSTITUTE	male	2016-05-20	simple	PRJEB14054
ChIP-Seq	GENOMIC	ILLUMINA	PAIRED	naive_CD4p_Tcells	ERA625265	2017-01-07	62	73E14F256FCA8176D73E427D59E020CC	house mouse	Mus musculus	SC_Pool_6j_ChIP_Input_T_cell_male_1	201	public	ERS1043081	313	1	15250965	ERX1489056	SAMEA3855947	ERR1418235	Input	322275	10090	no	Illumina HiSeq 2000	https://sra-download.ncbi.nlm.nih.gov/srapub/ERR1418235	ChIP	15250965	2287644750	AE0323BA20CDB323826FFB3E717B29F9	GCF_000001635.20	/TL/deep/fhgfs/projects/pebert/thesis/projects/cross_species/rawdata/downloads/ERR1418235_1.fastq.gz	150	ncd4	ERP015660	THE WELLCOME TRUST SANGER INSTITUTE	male	2016-05-20	simple	PRJEB14054
ChIP-Seq	GENOMIC	ILLUMINA	PAIRED	naive_CD4p_Tcells	ERA625265	2017-01-07	62	73E14F256FCA8176D73E427D59E020CC	house mouse	Mus musculus	SC_Pool_6j_ChIP_Input_T_cell_male_1	201	public	ERS1043081	313	1	15250965	ERX1489056	SAMEA3855947	ERR1418235	Input	322275	10090	no	Illumina HiSeq 2000	https://sra-download.ncbi.nlm.nih.gov/srapub/ERR1418235	ChIP	15250965	2287644750	AE0323BA20CDB323826FFB3E717B29F9	GCF_000001635.20	/TL/deep/fhgfs/projects/pebert/thesis/projects/cross_species/rawdata/downloads/ERR1418235_2.fastq.gz	150	ncd4	ERP015660	THE WELLCOME TRUST SANGER INSTITUTE	male	2016-05-20	simple	PRJEB14054
ChIP-Seq	GENOMIC	ILLUMINA	PAIRED	naive_CD4p_Tcells	ERA625265	2017-01-07	76	2EEF640623945232D5463709D4E8FC24	house mouse	Mus musculus	SC_Pool_6j_ChIP_Input_T_cell_male_2	236	public	ERS1043071	1167	2	17171435	ERX1489038	SAMEA3855937	ERR1418217	Input	322275	10090	no	Illumina HiSeq 2500	https://sra-download.ncbi.nlm.nih.gov/srapub/ERR1418217	ChIP	17171435	2575715250	0A4B6A5EF8DFF9C7F3CF41E40E9A2F6F	GCF_000001635.20	/TL/deep/fhgfs/projects/pebert/thesis/projects/cross_species/rawdata/downloads/ERR1418217_1.fastq.gz	150	ncd4	ERP015660	THE WELLCOME TRUST SANGER INSTITUTE	male	2016-05-20	simple	PRJEB14054
ChIP-Seq	GENOMIC	ILLUMINA	PAIRED	naive_CD4p_Tcells	ERA625265	2017-01-07	76	2EEF640623945232D5463709D4E8FC24	house mouse	Mus musculus	SC_Pool_6j_ChIP_Input_T_cell_male_2	236	public	ERS1043071	1167	2	17171435	ERX1489038	SAMEA3855937	ERR1418217	Input	322275	10090	no	Illumina HiSeq 2500	https://sra-download.ncbi.nlm.nih.gov/srapub/ERR1418217	ChIP	17171435	2575715250	0A4B6A5EF8DFF9C7F3CF41E40E9A2F6F	GCF_000001635.20	/TL/deep/fhgfs/projects/pebert/thesis/projects/cross_species/rawdata/downloads/ERR1418217_2.fastq.gz	150	ncd4	ERP015660	THE WELLCOME TRUST SANGER INSTITUTE	male	2016-05-20	simple	PRJEB14054
ChIP-Seq	GENOMIC	ILLUMINA	PAIRED	naive_CD4p_Tcells	ERA625265	2017-01-07	74	B5E31DD65B1C9345CB9F76EDFFD70527	house mouse	Mus musculus	SC_Pool_6j_ChIP_Input_T_cell_male_2	236	public	ERS1043071	1192	2	17414711	ERX1489044	SAMEA3855937	ERR1418223	Input	322275	10090	no	Illumina HiSeq 2500	https://sra-download.ncbi.nlm.nih.gov/srapub/ERR1418223	ChIP	17414711	2612206650	36C4FF11231D608C4DEF3213A0F0CE28	GCF_000001635.20	/TL/deep/fhgfs/projects/pebert/thesis/projects/cross_species/rawdata/downloads/ERR1418223_1.fastq.gz	150	ncd4	ERP015660	THE WELLCOME TRUST SANGER INSTITUTE	male	2016-05-20	simple	PRJEB14054
ChIP-Seq	GENOMIC	ILLUMINA	PAIRED	naive_CD4p_Tcells	ERA625265	2017-01-07	74	B5E31DD65B1C9345CB9F76EDFFD70527	house mouse	Mus musculus	SC_Pool_6j_ChIP_Input_T_cell_male_2	236	public	ERS1043071	1192	2	17414711	ERX1489044	SAMEA3855937	ERR1418223	Input	322275	10090	no	Illumina HiSeq 2500	https://sra-download.ncbi.nlm.nih.gov/srapub/ERR1418223	ChIP	17414711	2612206650	36C4FF11231D608C4DEF3213A0F0CE28	GCF_000001635.20	/TL/deep/fhgfs/projects/pebert/thesis/projects/cross_species/rawdata/downloads/ERR1418223_2.fastq.gz	150	ncd4	ERP015660	THE WELLCOME TRUST SANGER INSTITUTE	male	2016-05-20	simple	PRJEB14054
ChIP-Seq	GENOMIC	ILLUMINA	SINGLE	naive_CD4p_Tcells	ERA625265	2017-01-07	0	293FFCEBE861E1BB382B9429B3A99754	house mouse	Mus musculus	SC_Pool_6j_ChIP_Input_T_cell_male_3	0	public	ERS1043084	395	3	20637169	ERX1489026	SAMEA3855950	ERR1418205	Input	322275	10090	no	Illumina HiSeq 2500	https://sra-download.ncbi.nlm.nih.gov/srapub/ERR1418205	ChIP	0	1031858450	9BB8A4CD0AAF332BD01234060B44D1E8	GCF_000001635.20	/TL/deep/fhgfs/projects/pebert/thesis/projects/cross_species/rawdata/downloads/ERR1418205.fastq.gz	50	ncd4	ERP015660	THE WELLCOME TRUST SANGER INSTITUTE	male	2016-05-20	simple	PRJEB14054
ChIP-Seq	GENOMIC	ILLUMINA	SINGLE	naive_CD4p_Tcells	ERA625265	2017-01-07	0	BB44753DA5FD49F82E55BB553A5FAF75	house mouse	Mus musculus	SC_Pool_6j_ChIP_Input_T_cell_male_3	0	public	ERS1043084	403	3	20907729	ERX1489030	SAMEA3855950	ERR1418209	Input	322275	10090	no	Illumina HiSeq 2500	https://sra-download.ncbi.nlm.nih.gov/srapub/ERR1418209	ChIP	0	1045386450	072C56BAA82B1FDCBCC3C4B2C481E691	GCF_000001635.20	/TL/deep/fhgfs/projects/pebert/thesis/projects/cross_species/rawdata/downloads/ERR1418209.fastq.gz	50	ncd4	ERP015660	THE WELLCOME TRUST SANGER INSTITUTE	male	2016-05-20	simple	PRJEB14054
