File accession	File format	Output type	Experiment accession	Assay	Biosample term id	Biosample term name	Biosample type	Biosample life stage	Biosample organism	Experiment target	Antibody accession	Library made from	Library depleted in	Library size range	Biosample Age	Biological replicate(s)	Technical replicate	Read length	Run type	Paired end	Paired with	Derived from	Lab	File download URL	Assembly	Platform
ENCFF001KBG	bigWig	signal	ENCSR000CGJ	ChIP-seq	EFO:0005233	CH12	immortalized cell line	un	mmu	H3K27ac	ENCAB000ADS	DNA	n/a	n/a	n/a	n/a	n/a	n/a	n/a	n/a	n/a	n/a	BRUCSD	https://www.encodeproject.org/files/ENCFF001KBG/@@download/ENCFF001KBG.bigWig	mm9	n/a
ENCFF001KBM	bigWig	signal	ENCSR000CFL	ChIP-seq	EFO:0005233	CH12	immortalized cell line	un	mmu	H3K36me3	ENCAB000ADV	DNA	n/a	n/a	n/a	n/a	n/a	n/a	n/a	n/a	n/a	n/a	BRUCSD	https://www.encodeproject.org/files/ENCFF001KBM/@@download/ENCFF001KBM.bigWig	mm9	n/a
ENCFF001KAI	bigWig	signal	ENCSR000CGH	ChIP-seq	EFO:0005233	CH12	immortalized cell line	un	mmu	H3K4me1	ENCAB000ADX	DNA	n/a	n/a	n/a	n/a	n/a	n/a	n/a	n/a	n/a	n/a	BRUCSD	https://www.encodeproject.org/files/ENCFF001KAI/@@download/ENCFF001KAI.bigWig	mm9	n/a
ENCFF001KAU	bigWig	signal	ENCSR000CGK	ChIP-seq	EFO:0005233	CH12	immortalized cell line	un	mmu	H3K4me3	ENCAB000ANL	DNA	n/a	n/a	n/a	n/a	n/a	n/a	n/a	n/a	n/a	n/a	BRUCSD	https://www.encodeproject.org/files/ENCFF001KAU/@@download/ENCFF001KAU.bigWig	mm9	n/a
ENCFF001NCP	fastq	reads	ENCSR000CWD	RNA-seq	EFO:0005233	CH12	immortalized cell line	un	mmu	n/a	n/a	RNA	rRNA	300-350	n/a	1	1	101	pe	1	ENCFF001NCT	n/a	MSST	https://www.encodeproject.org/files/ENCFF001NCP/@@download/ENCFF001NCP.fastq.gz	n/a	HiSeq 2000
ENCFF001NCR	fastq	reads	ENCSR000CWD	RNA-seq	EFO:0005233	CH12	immortalized cell line	un	mmu	n/a	n/a	RNA	rRNA	300-350	n/a	2	1	101	pe	1	ENCFF001NCV	n/a	MSST	https://www.encodeproject.org/files/ENCFF001NCR/@@download/ENCFF001NCR.fastq.gz	n/a	HiSeq 2000
ENCFF001NCT	fastq	reads	ENCSR000CWD	RNA-seq	EFO:0005233	CH12	immortalized cell line	un	mmu	n/a	n/a	RNA	rRNA	300-350	n/a	1	1	101	pe	2	ENCFF001NCP	n/a	MSST	https://www.encodeproject.org/files/ENCFF001NCT/@@download/ENCFF001NCT.fastq.gz	n/a	HiSeq 2000
ENCFF001NCV	fastq	reads	ENCSR000CWD	RNA-seq	EFO:0005233	CH12	immortalized cell line	un	mmu	n/a	n/a	RNA	rRNA	300-350	n/a	2	1	101	pe	2	ENCFF001NCR	n/a	MSST	https://www.encodeproject.org/files/ENCFF001NCV/@@download/ENCFF001NCV.fastq.gz	n/a	HiSeq 2000
ENCFF001LVV	bigWig	signal	ENCSR000DHY	ChIP-seq	EFO:0005233	CH12	immortalized cell line	un	mmu	H3K27me3	ENCAB000ANB	DNA	n/a	n/a	n/a	1	1	n/a	n/a	n/a	n/a	n/a	RHPSU	https://www.encodeproject.org/files/ENCFF001LVV/@@download/ENCFF001LVV.bigWig	mm9	n/a
ENCFF001LVX	bigWig	signal	ENCSR000DHY	ChIP-seq	EFO:0005233	CH12	immortalized cell line	un	mmu	H3K27me3	ENCAB000ANB	DNA	n/a	n/a	n/a	2	1	n/a	n/a	n/a	n/a	n/a	RHPSU	https://www.encodeproject.org/files/ENCFF001LVX/@@download/ENCFF001LVX.bigWig	mm9	n/a
ENCFF001LVZ	bigWig	signal	ENCSR000DHY	ChIP-seq	EFO:0005233	CH12	immortalized cell line	un	mmu	H3K27me3	ENCAB000ANB	DNA	n/a	n/a	n/a	n/a	n/a	n/a	n/a	n/a	n/a	n/a	RHPSU	https://www.encodeproject.org/files/ENCFF001LVZ/@@download/ENCFF001LVZ.bigWig	mm9	n/a
ENCFF001LWG	bigWig	signal	ENCSR000DHW	ChIP-seq	EFO:0005233	CH12	immortalized cell line	un	mmu	H3K36me3	ENCAB000ASN	DNA	n/a	n/a	n/a	1	1	n/a	n/a	n/a	n/a	n/a	RHPSU	https://www.encodeproject.org/files/ENCFF001LWG/@@download/ENCFF001LWG.bigWig	mm9	n/a
ENCFF001LWH	bigWig	signal	ENCSR000DHW	ChIP-seq	EFO:0005233	CH12	immortalized cell line	un	mmu	H3K36me3	ENCAB000ASN	DNA	n/a	n/a	n/a	2	1	n/a	n/a	n/a	n/a	n/a	RHPSU	https://www.encodeproject.org/files/ENCFF001LWH/@@download/ENCFF001LWH.bigWig	mm9	n/a
ENCFF001LWJ	bigWig	signal	ENCSR000DHW	ChIP-seq	EFO:0005233	CH12	immortalized cell line	un	mmu	H3K36me3	ENCAB000ASN	DNA	n/a	n/a	n/a	n/a	n/a	n/a	n/a	n/a	n/a	n/a	RHPSU	https://www.encodeproject.org/files/ENCFF001LWJ/@@download/ENCFF001LWJ.bigWig	mm9	n/a
ENCFF001LUR	bigWig	signal	ENCSR000DHQ	ChIP-seq	EFO:0005233	CH12	immortalized cell line	un	mmu	H3K4me1	ENCAB000ADW	DNA	n/a	n/a	n/a	1	1	n/a	n/a	n/a	n/a	n/a	RHPSU	https://www.encodeproject.org/files/ENCFF001LUR/@@download/ENCFF001LUR.bigWig	mm9	n/a
ENCFF001LUT	bigWig	signal	ENCSR000DHQ	ChIP-seq	EFO:0005233	CH12	immortalized cell line	un	mmu	H3K4me1	ENCAB000ADW	DNA	n/a	n/a	n/a	2	1	n/a	n/a	n/a	n/a	n/a	RHPSU	https://www.encodeproject.org/files/ENCFF001LUT/@@download/ENCFF001LUT.bigWig	mm9	n/a
ENCFF001LUV	bigWig	signal	ENCSR000DHQ	ChIP-seq	EFO:0005233	CH12	immortalized cell line	un	mmu	H3K4me1	ENCAB000ADW	DNA	n/a	n/a	n/a	n/a	n/a	n/a	n/a	n/a	n/a	n/a	RHPSU	https://www.encodeproject.org/files/ENCFF001LUV/@@download/ENCFF001LUV.bigWig	mm9	n/a
ENCFF001LVC	bigWig	signal	ENCSR000DHU	ChIP-seq	EFO:0005233	CH12	immortalized cell line	un	mmu	H3K4me3	ENCAB000ANV, ENCAB000ANU	DNA	n/a	n/a	n/a	1	1	n/a	n/a	n/a	n/a	n/a	RHPSU	https://www.encodeproject.org/files/ENCFF001LVC/@@download/ENCFF001LVC.bigWig	mm9	n/a
ENCFF001LVD	bigWig	signal	ENCSR000DHU	ChIP-seq	EFO:0005233	CH12	immortalized cell line	un	mmu	H3K4me3	ENCAB000ANV, ENCAB000ANU	DNA	n/a	n/a	n/a	2	1	n/a	n/a	n/a	n/a	n/a	RHPSU	https://www.encodeproject.org/files/ENCFF001LVD/@@download/ENCFF001LVD.bigWig	mm9	n/a
ENCFF001LVF	bigWig	signal	ENCSR000DHU	ChIP-seq	EFO:0005233	CH12	immortalized cell line	un	mmu	H3K4me3	ENCAB000ANV, ENCAB000ANU	DNA	n/a	n/a	n/a	n/a	n/a	n/a	n/a	n/a	n/a	n/a	RHPSU	https://www.encodeproject.org/files/ENCFF001LVF/@@download/ENCFF001LVF.bigWig	mm9	n/a
ENCFF001RTE	fastq	reads	ENCSR000AJV	RNA-seq	EFO:0005233	CH12	immortalized cell line	un	mmu	n/a	n/a	RNA	rRNA	>200	n/a	2	1	101	pe	2	ENCFF001RTF	n/a	TGCSHL	https://www.encodeproject.org/files/ENCFF001RTE/@@download/ENCFF001RTE.fastq.gz	n/a	HiSeq 2000
ENCFF001RTF	fastq	reads	ENCSR000AJV	RNA-seq	EFO:0005233	CH12	immortalized cell line	un	mmu	n/a	n/a	RNA	rRNA	>200	n/a	2	1	101	pe	1	ENCFF001RTE	n/a	TGCSHL	https://www.encodeproject.org/files/ENCFF001RTF/@@download/ENCFF001RTF.fastq.gz	n/a	HiSeq 2000
ENCFF001RTI	fastq	reads	ENCSR000AJV	RNA-seq	EFO:0005233	CH12	immortalized cell line	un	mmu	n/a	n/a	RNA	rRNA	>200	n/a	1	1	101	pe	2	ENCFF001RTJ	n/a	TGCSHL	https://www.encodeproject.org/files/ENCFF001RTI/@@download/ENCFF001RTI.fastq.gz	n/a	HiSeq 2000
ENCFF001RTJ	fastq	reads	ENCSR000AJV	RNA-seq	EFO:0005233	CH12	immortalized cell line	un	mmu	n/a	n/a	RNA	rRNA	>200	n/a	1	1	101	pe	1	ENCFF001RTI	n/a	TGCSHL	https://www.encodeproject.org/files/ENCFF001RTJ/@@download/ENCFF001RTJ.fastq.gz	n/a	HiSeq 2000
ENCFF001KFN	bigWig	signal	ENCSR000CGQ	ChIP-seq	EFO:0007075	ESE14	stem cell	un	mmu	H3K27ac	ENCAB000ADS	DNA	n/a	n/a	n/a	n/a	n/a	n/a	n/a	n/a	n/a	n/a	BRUCSD	https://www.encodeproject.org/files/ENCFF001KFN/@@download/ENCFF001KFN.bigWig	mm9	n/a
ENCFF001KFT	bigWig	signal	ENCSR000CGR	ChIP-seq	EFO:0007075	ESE14	stem cell	un	mmu	H3K36me3	ENCAB000ADV	DNA	n/a	n/a	n/a	n/a	n/a	n/a	n/a	n/a	n/a	n/a	BRUCSD	https://www.encodeproject.org/files/ENCFF001KFT/@@download/ENCFF001KFT.bigWig	mm9	n/a
ENCFF001KEV	bigWig	signal	ENCSR000CGN	ChIP-seq	EFO:0007075	ESE14	stem cell	un	mmu	H3K4me1	ENCAB000ADX	DNA	n/a	n/a	n/a	n/a	n/a	n/a	n/a	n/a	n/a	n/a	BRUCSD	https://www.encodeproject.org/files/ENCFF001KEV/@@download/ENCFF001KEV.bigWig	mm9	n/a
ENCFF001KFB	bigWig	signal	ENCSR000CGO	ChIP-seq	EFO:0007075	ESE14	stem cell	un	mmu	H3K4me3	ENCAB000ANL	DNA	n/a	n/a	n/a	n/a	n/a	n/a	n/a	n/a	n/a	n/a	BRUCSD	https://www.encodeproject.org/files/ENCFF001KFB/@@download/ENCFF001KFB.bigWig	mm9	n/a
ENCFF001NDA	fastq	reads	ENCSR000CWC	RNA-seq	EFO:0007075	ESE14	stem cell	em	mmu	n/a	n/a	RNA	rRNA	300-350	n/a	1	1	101	pe	1	ENCFF001NDF	n/a	MSST	https://www.encodeproject.org/files/ENCFF001NDA/@@download/ENCFF001NDA.fastq.gz	n/a	HiSeq 2000
ENCFF001NDD	fastq	reads	ENCSR000CWC	RNA-seq	EFO:0007075	ESE14	stem cell	em	mmu	n/a	n/a	RNA	rRNA	300-350	n/a	2	1	101	pe	1	ENCFF001NDH	n/a	MSST	https://www.encodeproject.org/files/ENCFF001NDD/@@download/ENCFF001NDD.fastq.gz	n/a	HiSeq 2000
ENCFF001NDF	fastq	reads	ENCSR000CWC	RNA-seq	EFO:0007075	ESE14	stem cell	em	mmu	n/a	n/a	RNA	rRNA	300-350	n/a	1	1	101	pe	2	ENCFF001NDA	n/a	MSST	https://www.encodeproject.org/files/ENCFF001NDF/@@download/ENCFF001NDF.fastq.gz	n/a	HiSeq 2000
ENCFF001NDH	fastq	reads	ENCSR000CWC	RNA-seq	EFO:0007075	ESE14	stem cell	em	mmu	n/a	n/a	RNA	rRNA	300-350	n/a	2	1	101	pe	2	ENCFF001NDD	n/a	MSST	https://www.encodeproject.org/files/ENCFF001NDH/@@download/ENCFF001NDH.fastq.gz	n/a	HiSeq 2000
ENCFF001ZID	bigWig	signal	ENCSR059MBO	ChIP-seq	EFO:0007075	ESE14	stem cell	em	mmu	H3K27me3	ENCAB000ANB	DNA	n/a	n/a	13.5-14.5 day	1	1	n/a	n/a	n/a	n/a	n/a	RHPSU	https://www.encodeproject.org/files/ENCFF001ZID/@@download/ENCFF001ZID.bigWig	mm9	n/a
ENCFF001ZJI	bigWig	signal	ENCSR059MBO	ChIP-seq	EFO:0007075	ESE14	stem cell	em	mmu	H3K27me3	ENCAB000ANB	DNA	n/a	n/a	13.5-14.5 day	2	1	n/a	n/a	n/a	n/a	n/a	RHPSU	https://www.encodeproject.org/files/ENCFF001ZJI/@@download/ENCFF001ZJI.bigWig	mm9	n/a
ENCFF001ZJJ	bigWig	signal	ENCSR059MBO	ChIP-seq	EFO:0007075	ESE14	stem cell	em	mmu	H3K27me3	ENCAB000ANB	DNA	n/a	n/a	n/a	n/a	n/a	n/a	n/a	n/a	n/a	n/a	RHPSU	https://www.encodeproject.org/files/ENCFF001ZJJ/@@download/ENCFF001ZJJ.bigWig	mm9	n/a
ENCFF001ZHP	bigWig	signal	ENCSR253QPK	ChIP-seq	EFO:0007075	ESE14	stem cell	em	mmu	H3K36me3	ENCAB000ASN	DNA	n/a	n/a	13.5-14.5 day	1	1	n/a	n/a	n/a	n/a	n/a	RHPSU	https://www.encodeproject.org/files/ENCFF001ZHP/@@download/ENCFF001ZHP.bigWig	mm9	n/a
ENCFF001ZHR	bigWig	signal	ENCSR253QPK	ChIP-seq	EFO:0007075	ESE14	stem cell	em	mmu	H3K36me3	ENCAB000ASN	DNA	n/a	n/a	13.5-14.5 day	2	1	n/a	n/a	n/a	n/a	n/a	RHPSU	https://www.encodeproject.org/files/ENCFF001ZHR/@@download/ENCFF001ZHR.bigWig	mm9	n/a
ENCFF001ZHS	bigWig	signal	ENCSR253QPK	ChIP-seq	EFO:0007075	ESE14	stem cell	em	mmu	H3K36me3	ENCAB000ASN	DNA	n/a	n/a	n/a	n/a	n/a	n/a	n/a	n/a	n/a	n/a	RHPSU	https://www.encodeproject.org/files/ENCFF001ZHS/@@download/ENCFF001ZHS.bigWig	mm9	n/a
ENCFF001ZGT	bigWig	signal	ENCSR032JUI	ChIP-seq	EFO:0007075	ESE14	stem cell	em	mmu	H3K4me1	ENCAB000AYB	DNA	n/a	n/a	13.5-14.5 day	1	1	n/a	n/a	n/a	n/a	n/a	RHPSU	https://www.encodeproject.org/files/ENCFF001ZGT/@@download/ENCFF001ZGT.bigWig	mm9	n/a
ENCFF001ZGV	bigWig	signal	ENCSR032JUI	ChIP-seq	EFO:0007075	ESE14	stem cell	em	mmu	H3K4me1	ENCAB000AYB	DNA	n/a	n/a	13.5-14.5 day	2	1	n/a	n/a	n/a	n/a	n/a	RHPSU	https://www.encodeproject.org/files/ENCFF001ZGV/@@download/ENCFF001ZGV.bigWig	mm9	n/a
ENCFF001ZGW	bigWig	signal	ENCSR032JUI	ChIP-seq	EFO:0007075	ESE14	stem cell	em	mmu	H3K4me1	ENCAB000AYB	DNA	n/a	n/a	n/a	n/a	n/a	n/a	n/a	n/a	n/a	n/a	RHPSU	https://www.encodeproject.org/files/ENCFF001ZGW/@@download/ENCFF001ZGW.bigWig	mm9	n/a
ENCFF001ZOU	bigWig	signal	ENCSR212KGS	ChIP-seq	EFO:0007075	ESE14	stem cell	em	mmu	H3K4me3	ENCAB000ANV	DNA	n/a	n/a	13.5-14.5 day	1	1	n/a	n/a	n/a	n/a	n/a	RHPSU	https://www.encodeproject.org/files/ENCFF001ZOU/@@download/ENCFF001ZOU.bigWig	mm9	n/a
ENCFF001ZPB	bigWig	signal	ENCSR212KGS	ChIP-seq	EFO:0007075	ESE14	stem cell	em	mmu	H3K4me3	ENCAB000ANV	DNA	n/a	n/a	13.5-14.5 day	2	1	n/a	n/a	n/a	n/a	n/a	RHPSU	https://www.encodeproject.org/files/ENCFF001ZPB/@@download/ENCFF001ZPB.bigWig	mm9	n/a
ENCFF001ZPH	bigWig	signal	ENCSR212KGS	ChIP-seq	EFO:0007075	ESE14	stem cell	em	mmu	H3K4me3	ENCAB000ANV	DNA	n/a	n/a	n/a	n/a	n/a	n/a	n/a	n/a	n/a	n/a	RHPSU	https://www.encodeproject.org/files/ENCFF001ZPH/@@download/ENCFF001ZPH.bigWig	mm9	n/a
ENCFF000ASJ	bigWig	signal	ENCSR000AKC	ChIP-seq	EFO:0002784	GM12878	immortalized cell line	ad	hsa	H3K27ac	ENCAB000ANA	DNA	n/a	n/a	n/a	n/a	n/a	n/a	n/a	n/a	n/a	n/a	BBBRD	https://www.encodeproject.org/files/ENCFF000ASJ/@@download/ENCFF000ASJ.bigWig	hg19	n/a
ENCFF000AST	bigWig	signal	ENCSR000AKD	ChIP-seq	EFO:0002784	GM12878	immortalized cell line	ad	hsa	H3K27me3	ENCAB000ANB	DNA	n/a	n/a	n/a	n/a	n/a	n/a	n/a	n/a	n/a	n/a	BBBRD	https://www.encodeproject.org/files/ENCFF000AST/@@download/ENCFF000AST.bigWig	hg19	n/a
ENCFF000ATA	bigWig	signal	ENCSR000AKE	ChIP-seq	EFO:0002784	GM12878	immortalized cell line	ad	hsa	H3K36me3	ENCAB000ADU	DNA	n/a	n/a	n/a	n/a	n/a	n/a	n/a	n/a	n/a	n/a	BBBRD	https://www.encodeproject.org/files/ENCFF000ATA/@@download/ENCFF000ATA.bigWig	hg19	n/a
ENCFF000ARZ	bigWig	signal	ENCSR000AKF	ChIP-seq	EFO:0002784	GM12878	immortalized cell line	ad	hsa	H3K4me1	ENCAB000ADW	DNA	n/a	n/a	n/a	n/a	n/a	n/a	n/a	n/a	n/a	n/a	BBBRD	https://www.encodeproject.org/files/ENCFF000ARZ/@@download/ENCFF000ARZ.bigWig	hg19	n/a
ENCFF000ASF	bigWig	signal	ENCSR000AKA	ChIP-seq	EFO:0002784	GM12878	immortalized cell line	ad	hsa	H3K4me3	ENCAB000BLJ	DNA	n/a	n/a	n/a	n/a	n/a	n/a	n/a	n/a	n/a	n/a	BBBRD	https://www.encodeproject.org/files/ENCFF000ASF/@@download/ENCFF000ASF.bigWig	hg19	n/a
ENCFF000CXV	fastq	reads	ENCSR000EYN	RNA-seq	EFO:0002784	GM12878	immortalized cell line	ad	hsa	n/a	n/a	polyadenylated mRNA	n/a	>200	n/a	1	1	76	pe	1	ENCFF000CYL	n/a	BWCALT	https://www.encodeproject.org/files/ENCFF000CXV/@@download/ENCFF000CXV.fastq.gz	n/a	Illumina Genome Analyzer II
ENCFF000CXW	fastq	reads	ENCSR000EYN	RNA-seq	EFO:0002784	GM12878	immortalized cell line	ad	hsa	n/a	n/a	polyadenylated mRNA	n/a	>200	n/a	1	1	76	pe	1	ENCFF000CYM	n/a	BWCALT	https://www.encodeproject.org/files/ENCFF000CXW/@@download/ENCFF000CXW.fastq.gz	n/a	Illumina Genome Analyzer II
ENCFF000CXX	fastq	reads	ENCSR000EYN	RNA-seq	EFO:0002784	GM12878	immortalized cell line	ad	hsa	n/a	n/a	polyadenylated mRNA	n/a	>200	n/a	1	1	76	pe	1	ENCFF000CYN	n/a	BWCALT	https://www.encodeproject.org/files/ENCFF000CXX/@@download/ENCFF000CXX.fastq.gz	n/a	Illumina Genome Analyzer IIx
ENCFF000CXY	fastq	reads	ENCSR000EYN	RNA-seq	EFO:0002784	GM12878	immortalized cell line	ad	hsa	n/a	n/a	polyadenylated mRNA	n/a	>200	n/a	1	1	76	pe	1	ENCFF000CYO	n/a	BWCALT	https://www.encodeproject.org/files/ENCFF000CXY/@@download/ENCFF000CXY.fastq.gz	n/a	Illumina Genome Analyzer IIx
ENCFF000CYF	fastq	reads	ENCSR000EYN	RNA-seq	EFO:0002784	GM12878	immortalized cell line	ad	hsa	n/a	n/a	polyadenylated mRNA	n/a	>200	n/a	2	1	76	pe	1	ENCFF000CYV	n/a	BWCALT	https://www.encodeproject.org/files/ENCFF000CYF/@@download/ENCFF000CYF.fastq.gz	n/a	Illumina Genome Analyzer II
ENCFF000CYG	fastq	reads	ENCSR000EYN	RNA-seq	EFO:0002784	GM12878	immortalized cell line	ad	hsa	n/a	n/a	polyadenylated mRNA	n/a	>200	n/a	2	1	76	pe	1	ENCFF000CYW	n/a	BWCALT	https://www.encodeproject.org/files/ENCFF000CYG/@@download/ENCFF000CYG.fastq.gz	n/a	Illumina Genome Analyzer II
ENCFF000CYH	fastq	reads	ENCSR000EYN	RNA-seq	EFO:0002784	GM12878	immortalized cell line	ad	hsa	n/a	n/a	polyadenylated mRNA	n/a	>200	n/a	2	1	76	pe	1	ENCFF000CYX	n/a	BWCALT	https://www.encodeproject.org/files/ENCFF000CYH/@@download/ENCFF000CYH.fastq.gz	n/a	Illumina Genome Analyzer IIx
ENCFF000CYK	fastq	reads	ENCSR000EYN	RNA-seq	EFO:0002784	GM12878	immortalized cell line	ad	hsa	n/a	n/a	polyadenylated mRNA	n/a	>200	n/a	2	1	76	pe	1	ENCFF000CZA	n/a	BWCALT	https://www.encodeproject.org/files/ENCFF000CYK/@@download/ENCFF000CYK.fastq.gz	n/a	n/a
ENCFF000CYL	fastq	reads	ENCSR000EYN	RNA-seq	EFO:0002784	GM12878	immortalized cell line	ad	hsa	n/a	n/a	polyadenylated mRNA	n/a	>200	n/a	1	1	76	pe	2	ENCFF000CXV	n/a	BWCALT	https://www.encodeproject.org/files/ENCFF000CYL/@@download/ENCFF000CYL.fastq.gz	n/a	Illumina Genome Analyzer II
ENCFF000CYM	fastq	reads	ENCSR000EYN	RNA-seq	EFO:0002784	GM12878	immortalized cell line	ad	hsa	n/a	n/a	polyadenylated mRNA	n/a	>200	n/a	1	1	76	pe	2	ENCFF000CXW	n/a	BWCALT	https://www.encodeproject.org/files/ENCFF000CYM/@@download/ENCFF000CYM.fastq.gz	n/a	Illumina Genome Analyzer II
ENCFF000CYN	fastq	reads	ENCSR000EYN	RNA-seq	EFO:0002784	GM12878	immortalized cell line	ad	hsa	n/a	n/a	polyadenylated mRNA	n/a	>200	n/a	1	1	76	pe	2	ENCFF000CXX	n/a	BWCALT	https://www.encodeproject.org/files/ENCFF000CYN/@@download/ENCFF000CYN.fastq.gz	n/a	Illumina Genome Analyzer IIx
ENCFF000CYO	fastq	reads	ENCSR000EYN	RNA-seq	EFO:0002784	GM12878	immortalized cell line	ad	hsa	n/a	n/a	polyadenylated mRNA	n/a	>200	n/a	1	1	76	pe	2	ENCFF000CXY	n/a	BWCALT	https://www.encodeproject.org/files/ENCFF000CYO/@@download/ENCFF000CYO.fastq.gz	n/a	Illumina Genome Analyzer IIx
ENCFF000CYV	fastq	reads	ENCSR000EYN	RNA-seq	EFO:0002784	GM12878	immortalized cell line	ad	hsa	n/a	n/a	polyadenylated mRNA	n/a	>200	n/a	2	1	76	pe	2	ENCFF000CYF	n/a	BWCALT	https://www.encodeproject.org/files/ENCFF000CYV/@@download/ENCFF000CYV.fastq.gz	n/a	Illumina Genome Analyzer II
ENCFF000CYW	fastq	reads	ENCSR000EYN	RNA-seq	EFO:0002784	GM12878	immortalized cell line	ad	hsa	n/a	n/a	polyadenylated mRNA	n/a	>200	n/a	2	1	76	pe	2	ENCFF000CYG	n/a	BWCALT	https://www.encodeproject.org/files/ENCFF000CYW/@@download/ENCFF000CYW.fastq.gz	n/a	Illumina Genome Analyzer II
ENCFF000CYX	fastq	reads	ENCSR000EYN	RNA-seq	EFO:0002784	GM12878	immortalized cell line	ad	hsa	n/a	n/a	polyadenylated mRNA	n/a	>200	n/a	2	1	76	pe	2	ENCFF000CYH	n/a	BWCALT	https://www.encodeproject.org/files/ENCFF000CYX/@@download/ENCFF000CYX.fastq.gz	n/a	Illumina Genome Analyzer IIx
ENCFF000CZA	fastq	reads	ENCSR000EYN	RNA-seq	EFO:0002784	GM12878	immortalized cell line	ad	hsa	n/a	n/a	polyadenylated mRNA	n/a	>200	n/a	2	1	76	pe	2	ENCFF000CYK	n/a	BWCALT	https://www.encodeproject.org/files/ENCFF000CZA/@@download/ENCFF000CZA.fastq.gz	n/a	n/a
ENCFF001EXC	bigWig	raw signal	ENCSR000DRX	ChIP-seq	EFO:0002784	GM12878	immortalized cell line	ad	hsa	H3K27me3	ENCAB000ANB	DNA	n/a	n/a	n/a	1	1	n/a	n/a	n/a	n/a	n/a	JSUW	https://www.encodeproject.org/files/ENCFF001EXC/@@download/ENCFF001EXC.bigWig	hg19	n/a
ENCFF001EXD	bigWig	raw signal	ENCSR000DRX	ChIP-seq	EFO:0002784	GM12878	immortalized cell line	ad	hsa	H3K27me3	ENCAB000ANB	DNA	n/a	n/a	n/a	2	1	n/a	n/a	n/a	n/a	n/a	JSUW	https://www.encodeproject.org/files/ENCFF001EXD/@@download/ENCFF001EXD.bigWig	hg19	n/a
ENCFF001EXN	bigWig	raw signal	ENCSR000DRW	ChIP-seq	EFO:0002784	GM12878	immortalized cell line	ad	hsa	H3K36me3	ENCAB000AQW	DNA	n/a	n/a	n/a	1	1	n/a	n/a	n/a	n/a	n/a	JSUW	https://www.encodeproject.org/files/ENCFF001EXN/@@download/ENCFF001EXN.bigWig	hg19	n/a
ENCFF001EXP	bigWig	raw signal	ENCSR000DRW	ChIP-seq	EFO:0002784	GM12878	immortalized cell line	ad	hsa	H3K36me3	ENCAB000AQW	DNA	n/a	n/a	n/a	2	1	n/a	n/a	n/a	n/a	n/a	JSUW	https://www.encodeproject.org/files/ENCFF001EXP/@@download/ENCFF001EXP.bigWig	hg19	n/a
ENCFF001EXX	bigWig	raw signal	ENCSR000DRY	ChIP-seq	EFO:0002784	GM12878	immortalized cell line	ad	hsa	H3K4me3	ENCAB000ARB	DNA	n/a	n/a	n/a	1	1	n/a	n/a	n/a	n/a	n/a	JSUW	https://www.encodeproject.org/files/ENCFF001EXX/@@download/ENCFF001EXX.bigWig	hg19	n/a
ENCFF001EXZ	bigWig	raw signal	ENCSR000DRY	ChIP-seq	EFO:0002784	GM12878	immortalized cell line	ad	hsa	H3K4me3	ENCAB000ARB	DNA	n/a	n/a	n/a	2	1	n/a	n/a	n/a	n/a	n/a	JSUW	https://www.encodeproject.org/files/ENCFF001EXZ/@@download/ENCFF001EXZ.bigWig	hg19	n/a
ENCFF001RFA	fastq	reads	ENCSR000AEC	RNA-seq	EFO:0002784	GM12878	immortalized cell line	ad	hsa	n/a	n/a	RNA	rRNA	>200	n/a	2	1	101	pe	2	ENCFF001RFB	n/a	TGCSHL	https://www.encodeproject.org/files/ENCFF001RFA/@@download/ENCFF001RFA.fastq.gz	n/a	HiSeq 2000
ENCFF001RFB	fastq	reads	ENCSR000AEC	RNA-seq	EFO:0002784	GM12878	immortalized cell line	ad	hsa	n/a	n/a	RNA	rRNA	>200	n/a	2	1	101	pe	1	ENCFF001RFA	n/a	TGCSHL	https://www.encodeproject.org/files/ENCFF001RFB/@@download/ENCFF001RFB.fastq.gz	n/a	HiSeq 2000
ENCFF001RFG	fastq	reads	ENCSR000AEC	RNA-seq	EFO:0002784	GM12878	immortalized cell line	ad	hsa	n/a	n/a	RNA	rRNA	>200	n/a	1	1	101	pe	2	ENCFF001RFH	n/a	TGCSHL	https://www.encodeproject.org/files/ENCFF001RFG/@@download/ENCFF001RFG.fastq.gz	n/a	HiSeq 2000
ENCFF001RFH	fastq	reads	ENCSR000AEC	RNA-seq	EFO:0002784	GM12878	immortalized cell line	ad	hsa	n/a	n/a	RNA	rRNA	>200	n/a	1	1	101	pe	1	ENCFF001RFG	n/a	TGCSHL	https://www.encodeproject.org/files/ENCFF001RFH/@@download/ENCFF001RFH.fastq.gz	n/a	HiSeq 2000
ENCFF000AWK	bigWig	signal	ENCSR000ANP	ChIP-seq	EFO:0003042	H1hESC	stem cell	em	hsa	H3K27ac	ENCAB000ANA	DNA	n/a	n/a	n/a	n/a	n/a	n/a	n/a	n/a	n/a	n/a	BBBRD	https://www.encodeproject.org/files/ENCFF000AWK/@@download/ENCFF000AWK.bigWig	hg19	n/a
ENCFF000AWQ	bigWig	signal	ENCSR000ALU	ChIP-seq	EFO:0003042	H1hESC	stem cell	em	hsa	H3K27me3	ENCAB000ANB	DNA	n/a	n/a	n/a	n/a	n/a	n/a	n/a	n/a	n/a	n/a	BBBRD	https://www.encodeproject.org/files/ENCFF000AWQ/@@download/ENCFF000AWQ.bigWig	hg19	n/a
ENCFF000AWW	bigWig	signal	ENCSR000ANB	ChIP-seq	EFO:0003042	H1hESC	stem cell	em	hsa	H3K36me3	ENCAB000ADU	DNA	n/a	n/a	n/a	n/a	n/a	n/a	n/a	n/a	n/a	n/a	BBBRD	https://www.encodeproject.org/files/ENCFF000AWW/@@download/ENCFF000AWW.bigWig	hg19	n/a
ENCFF000AXC	bigWig	signal	ENCSR000ANA	ChIP-seq	EFO:0003042	H1hESC	stem cell	em	hsa	H3K4me1	ENCAB000ADW	DNA	n/a	n/a	n/a	n/a	n/a	n/a	n/a	n/a	n/a	n/a	BBBRD	https://www.encodeproject.org/files/ENCFF000AXC/@@download/ENCFF000AXC.bigWig	hg19	n/a
ENCFF000AXO	bigWig	signal	ENCSR000AMG	ChIP-seq	EFO:0003042	H1hESC	stem cell	em	hsa	H3K4me3	ENCAB000BLJ	DNA	n/a	n/a	n/a	n/a	n/a	n/a	n/a	n/a	n/a	n/a	BBBRD	https://www.encodeproject.org/files/ENCFF000AXO/@@download/ENCFF000AXO.bigWig	hg19	n/a
ENCFF000DGR	fastq	reads	ENCSR000EYP	RNA-seq	EFO:0003042	H1hESC	stem cell	em	hsa	n/a	n/a	polyadenylated mRNA	n/a	>200	n/a	1	1	76	pe	1	ENCFF000DGZ	n/a	BWCALT	https://www.encodeproject.org/files/ENCFF000DGR/@@download/ENCFF000DGR.fastq.gz	n/a	Illumina Genome Analyzer IIx
ENCFF000DGS	fastq	reads	ENCSR000EYP	RNA-seq	EFO:0003042	H1hESC	stem cell	em	hsa	n/a	n/a	polyadenylated mRNA	n/a	>200	n/a	1	1	76	pe	1	ENCFF000DHA	n/a	BWCALT	https://www.encodeproject.org/files/ENCFF000DGS/@@download/ENCFF000DGS.fastq.gz	n/a	Illumina Genome Analyzer IIx
ENCFF000DGT	fastq	reads	ENCSR000EYP	RNA-seq	EFO:0003042	H1hESC	stem cell	em	hsa	n/a	n/a	polyadenylated mRNA	n/a	>200	n/a	2	1	76	pe	1	ENCFF000DHB	n/a	BWCALT	https://www.encodeproject.org/files/ENCFF000DGT/@@download/ENCFF000DGT.fastq.gz	n/a	Illumina Genome Analyzer IIx
ENCFF000DGU	fastq	reads	ENCSR000EYP	RNA-seq	EFO:0003042	H1hESC	stem cell	em	hsa	n/a	n/a	polyadenylated mRNA	n/a	>200	n/a	2	1	76	pe	1	ENCFF000DHC	n/a	BWCALT	https://www.encodeproject.org/files/ENCFF000DGU/@@download/ENCFF000DGU.fastq.gz	n/a	Illumina Genome Analyzer IIx
ENCFF000DGZ	fastq	reads	ENCSR000EYP	RNA-seq	EFO:0003042	H1hESC	stem cell	em	hsa	n/a	n/a	polyadenylated mRNA	n/a	>200	n/a	1	1	76	pe	2	ENCFF000DGR	n/a	BWCALT	https://www.encodeproject.org/files/ENCFF000DGZ/@@download/ENCFF000DGZ.fastq.gz	n/a	Illumina Genome Analyzer IIx
ENCFF000DHA	fastq	reads	ENCSR000EYP	RNA-seq	EFO:0003042	H1hESC	stem cell	em	hsa	n/a	n/a	polyadenylated mRNA	n/a	>200	n/a	1	1	76	pe	2	ENCFF000DGS	n/a	BWCALT	https://www.encodeproject.org/files/ENCFF000DHA/@@download/ENCFF000DHA.fastq.gz	n/a	Illumina Genome Analyzer IIx
ENCFF000DHB	fastq	reads	ENCSR000EYP	RNA-seq	EFO:0003042	H1hESC	stem cell	em	hsa	n/a	n/a	polyadenylated mRNA	n/a	>200	n/a	2	1	76	pe	2	ENCFF000DGT	n/a	BWCALT	https://www.encodeproject.org/files/ENCFF000DHB/@@download/ENCFF000DHB.fastq.gz	n/a	Illumina Genome Analyzer IIx
ENCFF000DHC	fastq	reads	ENCSR000EYP	RNA-seq	EFO:0003042	H1hESC	stem cell	em	hsa	n/a	n/a	polyadenylated mRNA	n/a	>200	n/a	2	1	76	pe	2	ENCFF000DGU	n/a	BWCALT	https://www.encodeproject.org/files/ENCFF000DHC/@@download/ENCFF000DHC.fastq.gz	n/a	Illumina Genome Analyzer IIx
ENCFF000FET	fastq	reads	ENCSR000COU	RNA-seq	EFO:0003042	H1hESC	stem cell	em	hsa	n/a	n/a	polyadenylated mRNA	rRNA	>200	n/a	2	1	76	pe	1	ENCFF000FFG	n/a	TGCSHL	https://www.encodeproject.org/files/ENCFF000FET/@@download/ENCFF000FET.fastq.gz	n/a	Illumina Genome Analyzer IIx
ENCFF000FEU	fastq	reads	ENCSR000COU	RNA-seq	EFO:0003042	H1hESC	stem cell	em	hsa	n/a	n/a	polyadenylated mRNA	rRNA	>200	n/a	1	1	76	pe	1	ENCFF000FFF	n/a	TGCSHL	https://www.encodeproject.org/files/ENCFF000FEU/@@download/ENCFF000FEU.fastq.gz	n/a	Illumina Genome Analyzer IIx
ENCFF000FFF	fastq	reads	ENCSR000COU	RNA-seq	EFO:0003042	H1hESC	stem cell	em	hsa	n/a	n/a	polyadenylated mRNA	rRNA	>200	n/a	1	1	76	pe	2	ENCFF000FEU	n/a	TGCSHL	https://www.encodeproject.org/files/ENCFF000FFF/@@download/ENCFF000FFF.fastq.gz	n/a	Illumina Genome Analyzer IIx
ENCFF000FFG	fastq	reads	ENCSR000COU	RNA-seq	EFO:0003042	H1hESC	stem cell	em	hsa	n/a	n/a	polyadenylated mRNA	rRNA	>200	n/a	2	1	76	pe	2	ENCFF000FET	n/a	TGCSHL	https://www.encodeproject.org/files/ENCFF000FFG/@@download/ENCFF000FFG.fastq.gz	n/a	Illumina Genome Analyzer IIx
ENCFF000BWY	bigWig	signal	ENCSR000AKP	ChIP-seq	EFO:0002067	K562	immortalized cell line	ad	hsa	H3K27ac	ENCAB000ANA	DNA	n/a	n/a	n/a	n/a	n/a	n/a	n/a	n/a	n/a	n/a	BBBRD	https://www.encodeproject.org/files/ENCFF000BWY/@@download/ENCFF000BWY.bigWig	hg19	n/a
ENCFF000BXD	bigWig	signal	ENCSR000AKQ	ChIP-seq	EFO:0002067	K562	immortalized cell line	ad	hsa	H3K27me3	ENCAB000ANB	DNA	n/a	n/a	n/a	n/a	n/a	n/a	n/a	n/a	n/a	n/a	BBBRD	https://www.encodeproject.org/files/ENCFF000BXD/@@download/ENCFF000BXD.bigWig	hg19	n/a
ENCFF000BXJ	bigWig	signal	ENCSR000AKR	ChIP-seq	EFO:0002067	K562	immortalized cell line	ad	hsa	H3K36me3	ENCAB000ADU	DNA	n/a	n/a	n/a	n/a	n/a	n/a	n/a	n/a	n/a	n/a	BBBRD	https://www.encodeproject.org/files/ENCFF000BXJ/@@download/ENCFF000BXJ.bigWig	hg19	n/a
ENCFF000BXQ	bigWig	signal	ENCSR000AKS	ChIP-seq	EFO:0002067	K562	immortalized cell line	ad	hsa	H3K4me1	ENCAB000ADW	DNA	n/a	n/a	n/a	n/a	n/a	n/a	n/a	n/a	n/a	n/a	BBBRD	https://www.encodeproject.org/files/ENCFF000BXQ/@@download/ENCFF000BXQ.bigWig	hg19	n/a
ENCFF000BYB	bigWig	signal	ENCSR000AKU	ChIP-seq	EFO:0002067	K562	immortalized cell line	ad	hsa	H3K4me3	ENCAB000BLJ	DNA	n/a	n/a	n/a	n/a	n/a	n/a	n/a	n/a	n/a	n/a	BBBRD	https://www.encodeproject.org/files/ENCFF000BYB/@@download/ENCFF000BYB.bigWig	hg19	n/a
ENCFF001RWC	fastq	reads	ENCSR000AEQ	RNA-seq	EFO:0002067	K562	immortalized cell line	ad	hsa	n/a	n/a	polyadenylated mRNA	n/a	>200	53 year	1	1	100	pe	2	ENCFF001RWF	n/a	BWCALT	https://www.encodeproject.org/files/ENCFF001RWC/@@download/ENCFF001RWC.fastq.gz	n/a	HiSeq 2000
ENCFF001RWE	fastq	reads	ENCSR000AEQ	RNA-seq	EFO:0002067	K562	immortalized cell line	ad	hsa	n/a	n/a	polyadenylated mRNA	n/a	>200	53 year	2	1	100	pe	1	ENCFF001RWG	n/a	BWCALT	https://www.encodeproject.org/files/ENCFF001RWE/@@download/ENCFF001RWE.fastq.gz	n/a	HiSeq 2000
ENCFF001RWF	fastq	reads	ENCSR000AEQ	RNA-seq	EFO:0002067	K562	immortalized cell line	ad	hsa	n/a	n/a	polyadenylated mRNA	n/a	>200	53 year	1	1	100	pe	1	ENCFF001RWC	n/a	BWCALT	https://www.encodeproject.org/files/ENCFF001RWF/@@download/ENCFF001RWF.fastq.gz	n/a	HiSeq 2000
ENCFF001RWG	fastq	reads	ENCSR000AEQ	RNA-seq	EFO:0002067	K562	immortalized cell line	ad	hsa	n/a	n/a	polyadenylated mRNA	n/a	>200	53 year	2	1	100	pe	2	ENCFF001RWE	n/a	BWCALT	https://www.encodeproject.org/files/ENCFF001RWG/@@download/ENCFF001RWG.fastq.gz	n/a	HiSeq 2000
ENCFF001FWA	bigWig	raw signal	ENCSR000DWC	ChIP-seq	EFO:0002067	K562	immortalized cell line	ad	hsa	H3K27me3	ENCAB000ANB	DNA	n/a	n/a	53 year	1	1	n/a	n/a	n/a	n/a	n/a	JSUW	https://www.encodeproject.org/files/ENCFF001FWA/@@download/ENCFF001FWA.bigWig	hg19	n/a
ENCFF001FWD	bigWig	raw signal	ENCSR000DWC	ChIP-seq	EFO:0002067	K562	immortalized cell line	ad	hsa	H3K27me3	ENCAB000ANB	DNA	n/a	n/a	53 year	2	1	n/a	n/a	n/a	n/a	n/a	JSUW	https://www.encodeproject.org/files/ENCFF001FWD/@@download/ENCFF001FWD.bigWig	hg19	n/a
ENCFF001FWL	bigWig	raw signal	ENCSR000DWB	ChIP-seq	EFO:0002067	K562	immortalized cell line	ad	hsa	H3K36me3	ENCAB000AQW	DNA	n/a	n/a	53 year	1	1	n/a	n/a	n/a	n/a	n/a	JSUW	https://www.encodeproject.org/files/ENCFF001FWL/@@download/ENCFF001FWL.bigWig	hg19	n/a
ENCFF001FWN	bigWig	raw signal	ENCSR000DWB	ChIP-seq	EFO:0002067	K562	immortalized cell line	ad	hsa	H3K36me3	ENCAB000AQW	DNA	n/a	n/a	53 year	2	1	n/a	n/a	n/a	n/a	n/a	JSUW	https://www.encodeproject.org/files/ENCFF001FWN/@@download/ENCFF001FWN.bigWig	hg19	n/a
ENCFF001FWU	bigWig	raw signal	ENCSR000DWD	ChIP-seq	EFO:0002067	K562	immortalized cell line	ad	hsa	H3K4me3	ENCAB000ARB	DNA	n/a	n/a	53 year	1	1	n/a	n/a	n/a	n/a	n/a	JSUW	https://www.encodeproject.org/files/ENCFF001FWU/@@download/ENCFF001FWU.bigWig	hg19	n/a
ENCFF001FWX	bigWig	raw signal	ENCSR000DWD	ChIP-seq	EFO:0002067	K562	immortalized cell line	ad	hsa	H3K4me3	ENCAB000ARB	DNA	n/a	n/a	53 year	2	1	n/a	n/a	n/a	n/a	n/a	JSUW	https://www.encodeproject.org/files/ENCFF001FWX/@@download/ENCFF001FWX.bigWig	hg19	n/a
ENCFF001BSF	bigWig	signal	ENCSR000EPC	DNase-seq	EFO:0002067	K562	immortalized cell line	ad	hsa	n/a	n/a	DNA	n/a	n/a	n/a	n/a	n/a	n/a	n/a	n/a	n/a	n/a	JSUW	https://www.encodeproject.org/files/ENCFF001BSF/@@download/ENCFF001BSF.bigWig	hg19	n/a
ENCFF001RFC	fastq	reads	ENCSR000AEL	RNA-seq	EFO:0002067	K562	immortalized cell line	ad	hsa	n/a	n/a	RNA	rRNA	>200	53 year	2	1	101	pe	2	ENCFF001RFD	n/a	TGCSHL	https://www.encodeproject.org/files/ENCFF001RFC/@@download/ENCFF001RFC.fastq.gz	n/a	HiSeq 2000
ENCFF001RFD	fastq	reads	ENCSR000AEL	RNA-seq	EFO:0002067	K562	immortalized cell line	ad	hsa	n/a	n/a	RNA	rRNA	>200	53 year	2	1	101	pe	1	ENCFF001RFC	n/a	TGCSHL	https://www.encodeproject.org/files/ENCFF001RFD/@@download/ENCFF001RFD.fastq.gz	n/a	HiSeq 2000
ENCFF001RFE	fastq	reads	ENCSR000AEL	RNA-seq	EFO:0002067	K562	immortalized cell line	ad	hsa	n/a	n/a	RNA	rRNA	>200	53 year	1	1	101	pe	2	ENCFF001RFF	n/a	TGCSHL	https://www.encodeproject.org/files/ENCFF001RFE/@@download/ENCFF001RFE.fastq.gz	n/a	HiSeq 2000
ENCFF001RFF	fastq	reads	ENCSR000AEL	RNA-seq	EFO:0002067	K562	immortalized cell line	ad	hsa	n/a	n/a	RNA	rRNA	>200	53 year	1	1	101	pe	1	ENCFF001RFE	n/a	TGCSHL	https://www.encodeproject.org/files/ENCFF001RFF/@@download/ENCFF001RFF.fastq.gz	n/a	HiSeq 2000
ENCFF001KQF	bigWig	signal	ENCSR000CEV	ChIP-seq	EFO:0003971	MEL	immortalized cell line	un	mmu	H3K27ac	ENCAB000ADS	DNA	n/a	n/a	n/a	n/a	n/a	n/a	n/a	n/a	n/a	n/a	BRUCSD	https://www.encodeproject.org/files/ENCFF001KQF/@@download/ENCFF001KQF.bigWig	mm9	n/a
ENCFF001KQM	bigWig	signal	ENCSR000CER	ChIP-seq	EFO:0003971	MEL	immortalized cell line	un	mmu	H3K27me3	ENCAB000ADT	DNA	n/a	n/a	n/a	n/a	n/a	n/a	n/a	n/a	n/a	n/a	BRUCSD	https://www.encodeproject.org/files/ENCFF001KQM/@@download/ENCFF001KQM.bigWig	mm9	n/a
ENCFF001KQR	bigWig	signal	ENCSR000CES	ChIP-seq	EFO:0003971	MEL	immortalized cell line	un	mmu	H3K36me3	ENCAB000ADV	DNA	n/a	n/a	n/a	n/a	n/a	n/a	n/a	n/a	n/a	n/a	BRUCSD	https://www.encodeproject.org/files/ENCFF001KQR/@@download/ENCFF001KQR.bigWig	mm9	n/a
ENCFF001KPN	bigWig	signal	ENCSR000CEW	ChIP-seq	EFO:0003971	MEL	immortalized cell line	un	mmu	H3K4me1	ENCAB000ADX	DNA	n/a	n/a	n/a	n/a	n/a	n/a	n/a	n/a	n/a	n/a	BRUCSD	https://www.encodeproject.org/files/ENCFF001KPN/@@download/ENCFF001KPN.bigWig	mm9	n/a
ENCFF001KPU	bigWig	signal	ENCSR000CEX	ChIP-seq	EFO:0003971	MEL	immortalized cell line	un	mmu	H3K4me3	ENCAB000ANL	DNA	n/a	n/a	n/a	n/a	n/a	n/a	n/a	n/a	n/a	n/a	BRUCSD	https://www.encodeproject.org/files/ENCFF001KPU/@@download/ENCFF001KPU.bigWig	mm9	n/a
ENCFF001OOC	bigWig	signal	ENCSR000CNN	DNase-seq	EFO:0003971	MEL	immortalized cell line	un	mmu	n/a	n/a	DNA	n/a	n/a	n/a	1	1	n/a	n/a	n/a	n/a	n/a	JSUW	https://www.encodeproject.org/files/ENCFF001OOC/@@download/ENCFF001OOC.bigWig	mm9	n/a
ENCFF001PUH	bigWig	signal	ENCSR000CNN	DNase-seq	EFO:0003971	MEL	immortalized cell line	un	mmu	n/a	n/a	DNA	n/a	n/a	n/a	1	1	n/a	n/a	n/a	n/a	n/a	JSUW	https://www.encodeproject.org/files/ENCFF001PUH/@@download/ENCFF001PUH.bigWig	mm9	n/a
ENCFF001PUI	bigWig	signal	ENCSR000CNN	DNase-seq	EFO:0003971	MEL	immortalized cell line	un	mmu	n/a	n/a	DNA	n/a	n/a	n/a	2	1	n/a	n/a	n/a	n/a	n/a	JSUW	https://www.encodeproject.org/files/ENCFF001PUI/@@download/ENCFF001PUI.bigWig	mm9	n/a
ENCFF001PUK	bigWig	signal	ENCSR000CNN	DNase-seq	EFO:0003971	MEL	immortalized cell line	un	mmu	n/a	n/a	DNA	n/a	n/a	n/a	3	1	n/a	n/a	n/a	n/a	n/a	JSUW	https://www.encodeproject.org/files/ENCFF001PUK/@@download/ENCFF001PUK.bigWig	mm9	n/a
ENCFF001NDZ	fastq	reads	ENCSR000CWE	RNA-seq	EFO:0003971	MEL	immortalized cell line	un	mmu	n/a	n/a	RNA	rRNA	300-350	n/a	1	1	101	pe	1	ENCFF001NEE	n/a	MSST	https://www.encodeproject.org/files/ENCFF001NDZ/@@download/ENCFF001NDZ.fastq.gz	n/a	HiSeq 2000
ENCFF001NEC	fastq	reads	ENCSR000CWE	RNA-seq	EFO:0003971	MEL	immortalized cell line	un	mmu	n/a	n/a	RNA	rRNA	300-350	n/a	2	1	101	pe	1	ENCFF001NEG	n/a	MSST	https://www.encodeproject.org/files/ENCFF001NEC/@@download/ENCFF001NEC.fastq.gz	n/a	HiSeq 2000
ENCFF001NEE	fastq	reads	ENCSR000CWE	RNA-seq	EFO:0003971	MEL	immortalized cell line	un	mmu	n/a	n/a	RNA	rRNA	300-350	n/a	1	1	101	pe	2	ENCFF001NDZ	n/a	MSST	https://www.encodeproject.org/files/ENCFF001NEE/@@download/ENCFF001NEE.fastq.gz	n/a	HiSeq 2000
ENCFF001NEG	fastq	reads	ENCSR000CWE	RNA-seq	EFO:0003971	MEL	immortalized cell line	un	mmu	n/a	n/a	RNA	rRNA	300-350	n/a	2	1	101	pe	2	ENCFF001NEC	n/a	MSST	https://www.encodeproject.org/files/ENCFF001NEG/@@download/ENCFF001NEG.fastq.gz	n/a	HiSeq 2000
ENCFF001KIS	bigWig	signal	ENCSR000CDG	ChIP-seq	UBERON:0002113	kidney	tissue	ad	mmu	H3K27ac	ENCAB000ADS	DNA	n/a	n/a	n/a	n/a	n/a	n/a	n/a	n/a	n/a	n/a	BRUCSD	https://www.encodeproject.org/files/ENCFF001KIS/@@download/ENCFF001KIS.bigWig	mm9	n/a
ENCFF001KIY	bigWig	signal	ENCSR000CFP	ChIP-seq	UBERON:0002113	kidney	tissue	ad	mmu	H3K27me3	ENCAB000ADT	DNA	n/a	n/a	n/a	n/a	n/a	n/a	n/a	n/a	n/a	n/a	BRUCSD	https://www.encodeproject.org/files/ENCFF001KIY/@@download/ENCFF001KIY.bigWig	mm9	n/a
ENCFF001KJE	bigWig	signal	ENCSR000CFQ	ChIP-seq	UBERON:0002113	kidney	tissue	ad	mmu	H3K36me3	ENCAB000ADV	DNA	n/a	n/a	n/a	n/a	n/a	n/a	n/a	n/a	n/a	n/a	BRUCSD	https://www.encodeproject.org/files/ENCFF001KJE/@@download/ENCFF001KJE.bigWig	mm9	n/a
ENCFF001KJL	bigWig	signal	ENCSR000CAF	ChIP-seq	UBERON:0002113	kidney	tissue	ad	mmu	H3K4me1	ENCAB000ADX	DNA	n/a	n/a	n/a	n/a	n/a	n/a	n/a	n/a	n/a	n/a	BRUCSD	https://www.encodeproject.org/files/ENCFF001KJL/@@download/ENCFF001KJL.bigWig	mm9	n/a
ENCFF001KJQ	bigWig	signal	ENCSR000CAN	ChIP-seq	UBERON:0002113	kidney	tissue	ad	mmu	H3K4me3	ENCAB000ANL	DNA	n/a	n/a	n/a	n/a	n/a	n/a	n/a	n/a	n/a	n/a	BRUCSD	https://www.encodeproject.org/files/ENCFF001KJQ/@@download/ENCFF001KJQ.bigWig	mm9	n/a
ENCFF001OKO	bigWig	signal	ENCSR000CNG	DNase-seq	UBERON:0002113	kidney	tissue	ad	mmu	n/a	n/a	DNA	n/a	n/a	8 week	1	1	n/a	n/a	n/a	n/a	n/a	JSUW	https://www.encodeproject.org/files/ENCFF001OKO/@@download/ENCFF001OKO.bigWig	mm9	n/a
ENCFF001PNS	bigWig	signal	ENCSR000CNG	DNase-seq	UBERON:0002113	kidney	tissue	ad	mmu	n/a	n/a	DNA	n/a	n/a	8 week	1	1	n/a	n/a	n/a	n/a	n/a	JSUW	https://www.encodeproject.org/files/ENCFF001PNS/@@download/ENCFF001PNS.bigWig	mm9	n/a
ENCFF001PNU	bigWig	signal	ENCSR000CNG	DNase-seq	UBERON:0002113	kidney	tissue	ad	mmu	n/a	n/a	DNA	n/a	n/a	8 week	2	1	n/a	n/a	n/a	n/a	n/a	JSUW	https://www.encodeproject.org/files/ENCFF001PNU/@@download/ENCFF001PNU.bigWig	mm9	n/a
ENCFF001IWX	fastq	reads	ENCSR000BYR	RNA-seq	UBERON:0002113	kidney	tissue	ad	mmu	n/a	n/a	polyadenylated mRNA	rRNA	>200	8 week	1	1	76	pe	1	ENCFF001IXD	n/a	TGCSHL	https://www.encodeproject.org/files/ENCFF001IWX/@@download/ENCFF001IWX.fastq.gz	n/a	Illumina Genome Analyzer IIx
ENCFF001IWY	fastq	reads	ENCSR000BYR	RNA-seq	UBERON:0002113	kidney	tissue	ad	mmu	n/a	n/a	polyadenylated mRNA	rRNA	>200	8 week	1	1	76	pe	1	ENCFF001IXE	n/a	TGCSHL	https://www.encodeproject.org/files/ENCFF001IWY/@@download/ENCFF001IWY.fastq.gz	n/a	Illumina Genome Analyzer IIx
ENCFF001IWZ	fastq	reads	ENCSR000BYR	RNA-seq	UBERON:0002113	kidney	tissue	ad	mmu	n/a	n/a	polyadenylated mRNA	rRNA	>200	8 week	1	1	76	pe	1	ENCFF001IXF	n/a	TGCSHL	https://www.encodeproject.org/files/ENCFF001IWZ/@@download/ENCFF001IWZ.fastq.gz	n/a	Illumina Genome Analyzer IIx
ENCFF001IXA	fastq	reads	ENCSR000BYR	RNA-seq	UBERON:0002113	kidney	tissue	ad	mmu	n/a	n/a	polyadenylated mRNA	rRNA	>200	8 week	2	1	76	pe	1	ENCFF001IXG	n/a	TGCSHL	https://www.encodeproject.org/files/ENCFF001IXA/@@download/ENCFF001IXA.fastq.gz	n/a	Illumina Genome Analyzer IIx
ENCFF001IXB	fastq	reads	ENCSR000BYR	RNA-seq	UBERON:0002113	kidney	tissue	ad	mmu	n/a	n/a	polyadenylated mRNA	rRNA	>200	8 week	2	1	76	pe	1	ENCFF001IXH	n/a	TGCSHL	https://www.encodeproject.org/files/ENCFF001IXB/@@download/ENCFF001IXB.fastq.gz	n/a	Illumina Genome Analyzer IIx
ENCFF001IXC	fastq	reads	ENCSR000BYR	RNA-seq	UBERON:0002113	kidney	tissue	ad	mmu	n/a	n/a	polyadenylated mRNA	rRNA	>200	8 week	2	1	76	pe	1	ENCFF001IXI	n/a	TGCSHL	https://www.encodeproject.org/files/ENCFF001IXC/@@download/ENCFF001IXC.fastq.gz	n/a	Illumina Genome Analyzer IIx
ENCFF001IXD	fastq	reads	ENCSR000BYR	RNA-seq	UBERON:0002113	kidney	tissue	ad	mmu	n/a	n/a	polyadenylated mRNA	rRNA	>200	8 week	1	1	76	pe	2	ENCFF001IWX	n/a	TGCSHL	https://www.encodeproject.org/files/ENCFF001IXD/@@download/ENCFF001IXD.fastq.gz	n/a	Illumina Genome Analyzer IIx
ENCFF001IXE	fastq	reads	ENCSR000BYR	RNA-seq	UBERON:0002113	kidney	tissue	ad	mmu	n/a	n/a	polyadenylated mRNA	rRNA	>200	8 week	1	1	76	pe	2	ENCFF001IWY	n/a	TGCSHL	https://www.encodeproject.org/files/ENCFF001IXE/@@download/ENCFF001IXE.fastq.gz	n/a	Illumina Genome Analyzer IIx
ENCFF001IXF	fastq	reads	ENCSR000BYR	RNA-seq	UBERON:0002113	kidney	tissue	ad	mmu	n/a	n/a	polyadenylated mRNA	rRNA	>200	8 week	1	1	76	pe	2	ENCFF001IWZ	n/a	TGCSHL	https://www.encodeproject.org/files/ENCFF001IXF/@@download/ENCFF001IXF.fastq.gz	n/a	Illumina Genome Analyzer IIx
ENCFF001IXG	fastq	reads	ENCSR000BYR	RNA-seq	UBERON:0002113	kidney	tissue	ad	mmu	n/a	n/a	polyadenylated mRNA	rRNA	>200	8 week	2	1	76	pe	2	ENCFF001IXA	n/a	TGCSHL	https://www.encodeproject.org/files/ENCFF001IXG/@@download/ENCFF001IXG.fastq.gz	n/a	Illumina Genome Analyzer IIx
ENCFF001IXH	fastq	reads	ENCSR000BYR	RNA-seq	UBERON:0002113	kidney	tissue	ad	mmu	n/a	n/a	polyadenylated mRNA	rRNA	>200	8 week	2	1	76	pe	2	ENCFF001IXB	n/a	TGCSHL	https://www.encodeproject.org/files/ENCFF001IXH/@@download/ENCFF001IXH.fastq.gz	n/a	Illumina Genome Analyzer IIx
ENCFF001IXI	fastq	reads	ENCSR000BYR	RNA-seq	UBERON:0002113	kidney	tissue	ad	mmu	n/a	n/a	polyadenylated mRNA	rRNA	>200	8 week	2	1	76	pe	2	ENCFF001IXC	n/a	TGCSHL	https://www.encodeproject.org/files/ENCFF001IXI/@@download/ENCFF001IXI.fastq.gz	n/a	Illumina Genome Analyzer IIx
ENCFF001KLZ	bigWig	signal	ENCSR000CDH	ChIP-seq	UBERON:0002107	liver	tissue	ad	mmu	H3K27ac	ENCAB000ADS	DNA	n/a	n/a	n/a	n/a	n/a	n/a	n/a	n/a	n/a	n/a	BRUCSD	https://www.encodeproject.org/files/ENCFF001KLZ/@@download/ENCFF001KLZ.bigWig	mm9	n/a
ENCFF001KMM	bigWig	signal	ENCSR000CEN	ChIP-seq	UBERON:0002107	liver	tissue	ad	mmu	H3K27me3	ENCAB000ADT	DNA	n/a	n/a	n/a	n/a	n/a	n/a	n/a	n/a	n/a	n/a	BRUCSD	https://www.encodeproject.org/files/ENCFF001KMM/@@download/ENCFF001KMM.bigWig	mm9	n/a
ENCFF001KMR	bigWig	signal	ENCSR000CEO	ChIP-seq	UBERON:0002107	liver	tissue	ad	mmu	H3K36me3	ENCAB000ADV	DNA	n/a	n/a	n/a	n/a	n/a	n/a	n/a	n/a	n/a	n/a	BRUCSD	https://www.encodeproject.org/files/ENCFF001KMR/@@download/ENCFF001KMR.bigWig	mm9	n/a
ENCFF001KMX	bigWig	signal	ENCSR000CAO	ChIP-seq	UBERON:0002107	liver	tissue	ad	mmu	H3K4me1	ENCAB000ADX	DNA	n/a	n/a	n/a	n/a	n/a	n/a	n/a	n/a	n/a	n/a	BRUCSD	https://www.encodeproject.org/files/ENCFF001KMX/@@download/ENCFF001KMX.bigWig	mm9	n/a
ENCFF001KND	bigWig	signal	ENCSR000CAP	ChIP-seq	UBERON:0002107	liver	tissue	ad	mmu	H3K4me3	ENCAB000ANL	DNA	n/a	n/a	n/a	n/a	n/a	n/a	n/a	n/a	n/a	n/a	BRUCSD	https://www.encodeproject.org/files/ENCFF001KND/@@download/ENCFF001KND.bigWig	mm9	n/a
ENCFF001PRW	bigWig	signal	ENCSR000CNI	DNase-seq	UBERON:0002107	liver	tissue	ad	mmu	n/a	n/a	DNA	n/a	n/a	8 week	1	1	n/a	n/a	n/a	n/a	n/a	JSUW	https://www.encodeproject.org/files/ENCFF001PRW/@@download/ENCFF001PRW.bigWig	mm9	n/a
ENCFF001PRX	bigWig	signal	ENCSR000CNI	DNase-seq	UBERON:0002107	liver	tissue	ad	mmu	n/a	n/a	DNA	n/a	n/a	8 week	10	1	n/a	n/a	n/a	n/a	n/a	JSUW	https://www.encodeproject.org/files/ENCFF001PRX/@@download/ENCFF001PRX.bigWig	mm9	n/a
ENCFF001PSB	bigWig	signal	ENCSR000CNI	DNase-seq	UBERON:0002107	liver	tissue	ad	mmu	n/a	n/a	DNA	n/a	n/a	8 week	11	1	n/a	n/a	n/a	n/a	n/a	JSUW	https://www.encodeproject.org/files/ENCFF001PSB/@@download/ENCFF001PSB.bigWig	mm9	n/a
ENCFF001PSC	bigWig	signal	ENCSR000CNI	DNase-seq	UBERON:0002107	liver	tissue	ad	mmu	n/a	n/a	DNA	n/a	n/a	8 week	12	1	n/a	n/a	n/a	n/a	n/a	JSUW	https://www.encodeproject.org/files/ENCFF001PSC/@@download/ENCFF001PSC.bigWig	mm9	n/a
ENCFF001PSD	bigWig	signal	ENCSR000CNI	DNase-seq	UBERON:0002107	liver	tissue	ad	mmu	n/a	n/a	DNA	n/a	n/a	8 week	13	1	n/a	n/a	n/a	n/a	n/a	JSUW	https://www.encodeproject.org/files/ENCFF001PSD/@@download/ENCFF001PSD.bigWig	mm9	n/a
ENCFF001PSF	bigWig	signal	ENCSR000CNI	DNase-seq	UBERON:0002107	liver	tissue	ad	mmu	n/a	n/a	DNA	n/a	n/a	8 week	14	1	n/a	n/a	n/a	n/a	n/a	JSUW	https://www.encodeproject.org/files/ENCFF001PSF/@@download/ENCFF001PSF.bigWig	mm9	n/a
ENCFF001PSG	bigWig	signal	ENCSR000CNI	DNase-seq	UBERON:0002107	liver	tissue	ad	mmu	n/a	n/a	DNA	n/a	n/a	8 week	2	1	n/a	n/a	n/a	n/a	n/a	JSUW	https://www.encodeproject.org/files/ENCFF001PSG/@@download/ENCFF001PSG.bigWig	mm9	n/a
ENCFF001PSH	bigWig	signal	ENCSR000CNI	DNase-seq	UBERON:0002107	liver	tissue	ad	mmu	n/a	n/a	DNA	n/a	n/a	8 week	3	1	n/a	n/a	n/a	n/a	n/a	JSUW	https://www.encodeproject.org/files/ENCFF001PSH/@@download/ENCFF001PSH.bigWig	mm9	n/a
ENCFF001PSI	bigWig	signal	ENCSR000CNI	DNase-seq	UBERON:0002107	liver	tissue	ad	mmu	n/a	n/a	DNA	n/a	n/a	8 week	4	1	n/a	n/a	n/a	n/a	n/a	JSUW	https://www.encodeproject.org/files/ENCFF001PSI/@@download/ENCFF001PSI.bigWig	mm9	n/a
ENCFF001PSJ	bigWig	signal	ENCSR000CNI	DNase-seq	UBERON:0002107	liver	tissue	ad	mmu	n/a	n/a	DNA	n/a	n/a	8 week	5	1	n/a	n/a	n/a	n/a	n/a	JSUW	https://www.encodeproject.org/files/ENCFF001PSJ/@@download/ENCFF001PSJ.bigWig	mm9	n/a
ENCFF001PSK	bigWig	signal	ENCSR000CNI	DNase-seq	UBERON:0002107	liver	tissue	ad	mmu	n/a	n/a	DNA	n/a	n/a	8 week	6	1	n/a	n/a	n/a	n/a	n/a	JSUW	https://www.encodeproject.org/files/ENCFF001PSK/@@download/ENCFF001PSK.bigWig	mm9	n/a
ENCFF001PSL	bigWig	signal	ENCSR000CNI	DNase-seq	UBERON:0002107	liver	tissue	ad	mmu	n/a	n/a	DNA	n/a	n/a	8 week	7	1	n/a	n/a	n/a	n/a	n/a	JSUW	https://www.encodeproject.org/files/ENCFF001PSL/@@download/ENCFF001PSL.bigWig	mm9	n/a
ENCFF001PSM	bigWig	signal	ENCSR000CNI	DNase-seq	UBERON:0002107	liver	tissue	ad	mmu	n/a	n/a	DNA	n/a	n/a	8 week	8	1	n/a	n/a	n/a	n/a	n/a	JSUW	https://www.encodeproject.org/files/ENCFF001PSM/@@download/ENCFF001PSM.bigWig	mm9	n/a
ENCFF001PSN	bigWig	signal	ENCSR000CNI	DNase-seq	UBERON:0002107	liver	tissue	ad	mmu	n/a	n/a	DNA	n/a	n/a	8 week	9	1	n/a	n/a	n/a	n/a	n/a	JSUW	https://www.encodeproject.org/files/ENCFF001PSN/@@download/ENCFF001PSN.bigWig	mm9	n/a
ENCFF001RTA	fastq	reads	ENCSR000AJU	RNA-seq	UBERON:0002107	liver	tissue	ad	mmu	n/a	n/a	RNA	rRNA	>200	8 week	2	1	101	pe	2	ENCFF001RTD	n/a	TGCSHL	https://www.encodeproject.org/files/ENCFF001RTA/@@download/ENCFF001RTA.fastq.gz	n/a	HiSeq 2000
ENCFF001RTD	fastq	reads	ENCSR000AJU	RNA-seq	UBERON:0002107	liver	tissue	ad	mmu	n/a	n/a	RNA	rRNA	>200	8 week	2	1	101	pe	1	ENCFF001RTA	n/a	TGCSHL	https://www.encodeproject.org/files/ENCFF001RTD/@@download/ENCFF001RTD.fastq.gz	n/a	HiSeq 2000
ENCFF001RTM	fastq	reads	ENCSR000AJU	RNA-seq	UBERON:0002107	liver	tissue	ad	mmu	n/a	n/a	RNA	rRNA	>200	8 week	1	1	101	pe	2	ENCFF001RTN	n/a	TGCSHL	https://www.encodeproject.org/files/ENCFF001RTM/@@download/ENCFF001RTM.fastq.gz	n/a	HiSeq 2000
ENCFF001RTN	fastq	reads	ENCSR000AJU	RNA-seq	UBERON:0002107	liver	tissue	ad	mmu	n/a	n/a	RNA	rRNA	>200	8 week	1	1	101	pe	1	ENCFF001RTM	n/a	TGCSHL	https://www.encodeproject.org/files/ENCFF001RTN/@@download/ENCFF001RTN.fastq.gz	n/a	HiSeq 2000
ENCFF001JAN	fastq	reads	ENCSR000BYS	RNA-seq	UBERON:0002107	liver	tissue	ad	mmu	n/a	n/a	polyadenylated mRNA	rRNA	>200	8 week	1	1	76	pe	1	ENCFF001JAT	n/a	TGCSHL	https://www.encodeproject.org/files/ENCFF001JAN/@@download/ENCFF001JAN.fastq.gz	n/a	Illumina Genome Analyzer IIx
ENCFF001JAO	fastq	reads	ENCSR000BYS	RNA-seq	UBERON:0002107	liver	tissue	ad	mmu	n/a	n/a	polyadenylated mRNA	rRNA	>200	8 week	1	1	76	pe	1	ENCFF001JAU	n/a	TGCSHL	https://www.encodeproject.org/files/ENCFF001JAO/@@download/ENCFF001JAO.fastq.gz	n/a	Illumina Genome Analyzer IIx
ENCFF001JAP	fastq	reads	ENCSR000BYS	RNA-seq	UBERON:0002107	liver	tissue	ad	mmu	n/a	n/a	polyadenylated mRNA	rRNA	>200	8 week	1	1	76	pe	1	ENCFF001JAV	n/a	TGCSHL	https://www.encodeproject.org/files/ENCFF001JAP/@@download/ENCFF001JAP.fastq.gz	n/a	Illumina Genome Analyzer IIx
ENCFF001JAQ	fastq	reads	ENCSR000BYS	RNA-seq	UBERON:0002107	liver	tissue	ad	mmu	n/a	n/a	polyadenylated mRNA	rRNA	>200	8 week	2	1	76	pe	1	ENCFF001JAW	n/a	TGCSHL	https://www.encodeproject.org/files/ENCFF001JAQ/@@download/ENCFF001JAQ.fastq.gz	n/a	Illumina Genome Analyzer IIx
ENCFF001JAR	fastq	reads	ENCSR000BYS	RNA-seq	UBERON:0002107	liver	tissue	ad	mmu	n/a	n/a	polyadenylated mRNA	rRNA	>200	8 week	2	1	76	pe	1	ENCFF001JAX	n/a	TGCSHL	https://www.encodeproject.org/files/ENCFF001JAR/@@download/ENCFF001JAR.fastq.gz	n/a	Illumina Genome Analyzer IIx
ENCFF001JAS	fastq	reads	ENCSR000BYS	RNA-seq	UBERON:0002107	liver	tissue	ad	mmu	n/a	n/a	polyadenylated mRNA	rRNA	>200	8 week	2	1	76	pe	1	ENCFF001JAY	n/a	TGCSHL	https://www.encodeproject.org/files/ENCFF001JAS/@@download/ENCFF001JAS.fastq.gz	n/a	Illumina Genome Analyzer IIx
ENCFF001JAT	fastq	reads	ENCSR000BYS	RNA-seq	UBERON:0002107	liver	tissue	ad	mmu	n/a	n/a	polyadenylated mRNA	rRNA	>200	8 week	1	1	76	pe	2	ENCFF001JAN	n/a	TGCSHL	https://www.encodeproject.org/files/ENCFF001JAT/@@download/ENCFF001JAT.fastq.gz	n/a	Illumina Genome Analyzer IIx
ENCFF001JAU	fastq	reads	ENCSR000BYS	RNA-seq	UBERON:0002107	liver	tissue	ad	mmu	n/a	n/a	polyadenylated mRNA	rRNA	>200	8 week	1	1	76	pe	2	ENCFF001JAO	n/a	TGCSHL	https://www.encodeproject.org/files/ENCFF001JAU/@@download/ENCFF001JAU.fastq.gz	n/a	Illumina Genome Analyzer IIx
ENCFF001JAV	fastq	reads	ENCSR000BYS	RNA-seq	UBERON:0002107	liver	tissue	ad	mmu	n/a	n/a	polyadenylated mRNA	rRNA	>200	8 week	1	1	76	pe	2	ENCFF001JAP	n/a	TGCSHL	https://www.encodeproject.org/files/ENCFF001JAV/@@download/ENCFF001JAV.fastq.gz	n/a	Illumina Genome Analyzer IIx
ENCFF001JAW	fastq	reads	ENCSR000BYS	RNA-seq	UBERON:0002107	liver	tissue	ad	mmu	n/a	n/a	polyadenylated mRNA	rRNA	>200	8 week	2	1	76	pe	2	ENCFF001JAQ	n/a	TGCSHL	https://www.encodeproject.org/files/ENCFF001JAW/@@download/ENCFF001JAW.fastq.gz	n/a	Illumina Genome Analyzer IIx
ENCFF001JAX	fastq	reads	ENCSR000BYS	RNA-seq	UBERON:0002107	liver	tissue	ad	mmu	n/a	n/a	polyadenylated mRNA	rRNA	>200	8 week	2	1	76	pe	2	ENCFF001JAR	n/a	TGCSHL	https://www.encodeproject.org/files/ENCFF001JAX/@@download/ENCFF001JAX.fastq.gz	n/a	Illumina Genome Analyzer IIx
ENCFF001JAY	fastq	reads	ENCSR000BYS	RNA-seq	UBERON:0002107	liver	tissue	ad	mmu	n/a	n/a	polyadenylated mRNA	rRNA	>200	8 week	2	1	76	pe	2	ENCFF001JAS	n/a	TGCSHL	https://www.encodeproject.org/files/ENCFF001JAY/@@download/ENCFF001JAY.fastq.gz	n/a	Illumina Genome Analyzer IIx
